fecha,game_id,liga,local,visita,goles_local,goles_visita,xg_local,xg_visita,npxg_local,npxg_visita,tiros_local,tiros_visita,sot_local,sot_visita,cuota_h,cuota_d,cuota_a
2024-08-16,28048,ligue1,Le Havre,Paris SG,1,4,0.197023,2.9098,0.197023,2.14971,5,14,2,9,7.0,4.75,1.42
2024-08-17,28049,ligue1,Brest,Marseille,1,5,1.51475,2.96496,0.754656,1.44477,7,7,5,5,3.0,3.3,2.4
2024-08-17,28051,ligue1,Monaco,St Etienne,1,0,2.78444,0.484117,2.78444,0.484117,13,7,6,4,1.48,4.5,6.25
2024-08-17,28050,ligue1,Reims,Lille,0,2,0.0758907,2.31711,0.0758907,2.31711,2,21,0,6,3.3,3.4,2.2
2024-08-18,28055,ligue1,Angers,Lens,0,1,0.297792,1.04077,0.297792,1.04077,4,10,3,5,5.75,3.8,1.62
2024-08-18,28052,ligue1,Auxerre,Nice,2,1,3.03248,0.58056,3.03248,0.58056,16,9,7,2,3.1,3.25,2.35
2024-08-18,28053,ligue1,Montpellier,Strasbourg,1,1,1.44704,1.10476,0.686941,1.10476,7,11,5,4,2.0,3.3,3.75
2024-08-18,28056,ligue1,Rennes,Lyon,3,0,2.57411,2.20066,2.57411,1.33962,22,16,8,2,2.35,3.5,2.9
2024-08-18,28054,ligue1,Toulouse,Nantes,0,0,1.50937,0.513845,1.50937,0.513845,7,6,3,2,2.1,3.3,3.7
2024-08-23,28057,ligue1,Paris SG,Montpellier,6,0,4.93703,0.772997,4.93703,0.772997,21,6,10,3,1.25,7.0,10.0
2024-08-24,28059,ligue1,Lille,Angers,2,0,1.25796,0.737042,1.25796,0.737042,11,5,6,2,1.36,4.75,9.0
2024-08-24,28058,ligue1,Lyon,Monaco,0,2,0.0144803,2.60916,0.0144803,2.60916,2,15,1,4,2.5,3.8,2.6
2024-08-24,28060,ligue1,St Etienne,Le Havre,0,2,1.48827,2.23362,1.48827,1.47353,18,14,5,5,2.1,3.4,3.5
2024-08-25,28061,ligue1,Lens,Brest,2,0,4.01926,0.695576,4.01926,0.695576,22,10,11,2,1.8,3.7,4.5
2024-08-25,28065,ligue1,Marseille,Reims,2,2,2.94016,1.01201,2.94016,1.01201,16,12,10,3,1.53,4.5,5.5
2024-08-25,28064,ligue1,Nantes,Auxerre,2,0,1.52541,0.876338,1.52541,0.876338,8,10,6,3,2.25,3.3,3.25
2024-08-25,28062,ligue1,Nice,Toulouse,1,1,1.23725,0.946618,1.23725,0.946618,10,15,4,3,1.85,3.4,4.5
2024-08-25,28063,ligue1,Strasbourg,Rennes,3,1,1.58875,1.40309,1.58875,1.40309,9,13,5,5,3.1,3.5,2.25
2024-08-30,28066,ligue1,Lyon,Strasbourg,4,3,3.22754,2.44695,3.22754,2.44695,22,14,13,7,1.85,3.75,4.0
2024-08-31,28067,ligue1,Brest,St Etienne,4,0,3.60698,0.256612,2.08679,0.256612,17,3,7,0,1.8,3.8,4.33
2024-08-31,28068,ligue1,Montpellier,Nantes,1,3,0.745975,1.69437,0.745975,0.934273,11,10,5,5,2.25,3.4,3.2
2024-08-31,28069,ligue1,Toulouse,Marseille,1,3,0.485368,1.29819,0.485368,1.29819,4,11,2,5,3.8,3.8,1.9
2024-09-01,28073,ligue1,Angers,Nice,1,4,1.33204,2.53408,0.571945,2.53408,12,12,7,9,4.0,3.3,2.0
2024-09-01,28071,ligue1,Le Havre,Auxerre,3,1,2.83661,0.743523,2.07651,0.743523,21,7,8,2,2.75,3.3,2.6
2024-09-01,28074,ligue1,Lille,Paris SG,1,3,1.57562,3.24139,1.57562,2.48129,10,10,4,7,3.9,3.8,1.85
2024-09-01,28070,ligue1,Monaco,Lens,1,1,0.905621,1.91297,0.905621,1.15287,14,12,3,4,1.85,3.9,3.9
2024-09-01,28072,ligue1,Reims,Rennes,2,1,2.00948,1.02619,2.00948,1.02619,11,13,7,5,2.9,3.5,2.38
2024-09-13,28075,ligue1,St Etienne,Lille,1,0,1.1774,2.73176,1.1774,2.73176,10,17,5,4,5.5,3.6,1.7
2024-09-14,28077,ligue1,Auxerre,Monaco,0,3,0.419427,3.37672,0.419427,3.37672,13,19,3,9,3.9,3.75,1.85
2024-09-14,28076,ligue1,Marseille,Nice,2,0,1.02694,1.72041,1.02694,1.72041,10,12,5,4,1.7,3.9,4.5
2024-09-14,28079,ligue1,Paris SG,Brest,3,1,2.91245,1.00928,2.91245,0.249183,22,5,9,3,1.27,6.0,10.0
2024-09-15,28078,ligue1,Lens,Lyon,0,0,0.623644,0.529029,0.623644,0.529029,12,8,5,3,1.8,3.75,4.33
2024-09-15,28081,ligue1,Nantes,Reims,1,2,1.43325,0.549218,1.43325,0.549218,18,11,6,4,2.38,3.4,3.0
2024-09-15,28080,ligue1,Rennes,Montpellier,3,0,1.26867,0.310262,1.26867,0.310262,11,12,6,4,1.62,4.0,5.25
2024-09-15,28083,ligue1,Strasbourg,Angers,1,1,2.47918,0.855084,2.47918,0.855084,10,12,5,2,1.7,3.8,5.25
2024-09-15,28082,ligue1,Toulouse,Le Havre,2,0,1.8674,0.15045,1.8674,0.15045,15,5,7,3,1.8,3.6,4.5
2024-09-20,28085,ligue1,Nice,St Etienne,8,0,4.50007,0.335532,3.73998,0.335532,18,8,12,2,1.53,4.1,6.5
2024-09-21,28090,ligue1,Lille,Strasbourg,3,3,2.30213,3.02005,1.54204,3.02005,15,12,7,9,1.7,4.0,4.75
2024-09-21,28086,ligue1,Reims,Paris SG,1,1,0.760314,1.90277,0.760314,1.90277,8,11,1,4,6.5,4.75,1.44
2024-09-21,28091,ligue1,Rennes,Lens,1,1,1.34636,0.853348,0.586263,0.853348,11,10,6,2,2.35,3.4,3.0
2024-09-22,28088,ligue1,Angers,Nantes,1,1,0.82486,1.28588,0.0647651,1.28588,4,9,1,3,3.2,3.3,2.3
2024-09-22,28087,ligue1,Brest,Toulouse,2,0,0.709045,2.3505,0.709045,1.5904,9,10,5,1,2.15,3.5,3.4
2024-09-22,28084,ligue1,Lyon,Marseille,2,3,3.89273,0.675578,3.10472,0.675578,18,6,9,5,2.9,3.8,2.2
2024-09-22,28092,ligue1,Monaco,Le Havre,3,1,1.84023,0.580512,1.84023,0.580512,14,9,4,2,1.36,4.75,8.5
2024-09-22,28089,ligue1,Montpellier,Auxerre,3,2,1.78396,1.42586,1.78396,1.42586,14,11,5,6,2.3,3.3,3.2
2024-09-27,28095,ligue1,Auxerre,Brest,3,0,2.9504,0.726126,2.1903,0.726126,15,8,4,4,2.75,3.4,2.55
2024-09-27,28094,ligue1,Paris SG,Rennes,3,1,3.22405,2.02646,3.22405,1.26636,22,13,7,5,1.38,5.25,7.5
2024-09-28,28098,ligue1,Le Havre,Lille,0,3,0.488988,3.5706,0.488988,2.8105,7,18,4,10,4.75,3.7,1.75
2024-09-28,28096,ligue1,Lens,Nice,0,0,2.06424,0.9614,2.06424,0.9614,22,15,7,4,2.05,3.4,3.75
2024-09-28,28100,ligue1,Monaco,Montpellier,2,1,3.45707,0.768868,3.45707,0.768868,21,9,7,4,1.33,5.5,7.5
2024-09-29,28101,ligue1,Angers,Reims,1,3,1.08284,4.18122,1.08284,4.18122,14,21,3,10,3.6,3.2,2.2
2024-09-29,28097,ligue1,Nantes,St Etienne,2,2,2.61562,1.0242,2.61562,0.264104,16,5,3,3,1.73,3.8,4.75
2024-09-29,28093,ligue1,Strasbourg,Marseille,1,0,1.67455,0.782395,1.67455,0.782395,14,10,6,3,3.4,3.9,2.0
2024-09-29,28099,ligue1,Toulouse,Lyon,1,2,0.716626,0.730803,0.716626,0.730803,10,4,4,1,2.45,3.4,2.88
2024-10-04,28109,ligue1,Marseille,Angers,1,1,0.896807,1.19435,0.896807,1.19435,13,8,4,3,1.25,6.0,12.0
2024-10-05,28106,ligue1,Lille,Toulouse,2,1,1.37754,1.43654,1.37754,1.43654,10,9,3,3,1.73,4.1,4.5
2024-10-05,28103,ligue1,Rennes,Monaco,1,2,0.640297,0.498715,0.640297,0.498715,14,5,3,2,2.7,3.5,2.55
2024-10-05,28107,ligue1,St Etienne,Auxerre,3,1,2.45106,0.71964,2.45106,0.71964,13,11,5,3,2.7,3.4,2.6
2024-10-06,28108,ligue1,Brest,Le Havre,2,0,0.890433,2.11913,0.890433,2.11913,8,14,3,0,1.8,3.6,4.5
2024-10-06,28102,ligue1,Lyon,Nantes,2,0,2.43324,0.765938,2.43324,0.765938,17,11,6,6,1.75,3.6,4.75
2024-10-06,28104,ligue1,Nice,Paris SG,1,1,0.326466,0.822322,0.326466,0.822322,9,19,3,9,4.75,4.0,1.7
2024-10-06,28105,ligue1,Reims,Montpellier,4,2,3.71514,0.874094,2.95504,0.874094,18,10,5,3,1.8,3.8,4.33
2024-10-06,28110,ligue1,Strasbourg,Lens,2,2,1.31135,1.43012,0.551251,1.43012,8,12,5,5,3.0,3.3,2.4
2024-10-18,28111,ligue1,Monaco,Lille,0,0,1.1914,0.163769,1.1914,0.163769,14,3,4,1,1.91,3.6,3.8
2024-10-19,28118,ligue1,Brest,Rennes,1,1,1.42573,1.14445,0.665637,1.14445,12,6,2,4,2.9,3.25,2.5
2024-10-19,28119,ligue1,Paris SG,Strasbourg,4,2,4.66981,2.22038,4.66981,2.22038,18,16,10,8,1.27,5.75,10.0
2024-10-19,28117,ligue1,St Etienne,Lens,0,2,0.782727,1.35593,0.782727,1.35593,15,13,1,5,5.25,3.75,1.67
2024-10-20,28113,ligue1,Auxerre,Reims,2,1,2.86385,1.22872,2.10375,1.22872,10,15,8,3,2.63,3.4,2.6
2024-10-20,28115,ligue1,Le Havre,Lyon,0,4,0.360268,2.76676,0.360268,2.76676,7,16,1,8,3.75,3.5,2.0
2024-10-20,28112,ligue1,Montpellier,Marseille,0,5,1.75684,3.88109,1.75684,3.88109,13,21,5,10,4.33,4.0,1.73
2024-10-20,28116,ligue1,Nantes,Nice,1,1,0.832336,0.776883,0.832336,0.776883,11,13,7,7,3.25,3.1,2.38
2024-10-20,28114,ligue1,Toulouse,Angers,1,1,2.43778,1.47299,2.43778,0.7129,18,8,6,4,1.57,3.75,6.5
2024-10-25,28123,ligue1,Rennes,Le Havre,1,0,1.84154,0.272294,1.84154,0.272294,20,5,4,1,1.45,4.0,7.5
2024-10-26,28121,ligue1,Angers,St Etienne,4,2,3.26778,1.33,2.50768,0.569909,13,19,8,7,2.45,3.3,2.9
2024-10-26,28120,ligue1,Lens,Lille,0,2,0.865293,1.47637,0.865293,0.716276,11,11,4,3,2.3,3.4,3.1
2024-10-26,28122,ligue1,Reims,Brest,1,2,1.44911,1.64092,1.44911,0.880825,11,13,3,4,2.15,3.5,3.25
2024-10-27,28126,ligue1,Lyon,Auxerre,2,2,2.21183,1.0609,1.45173,1.0609,12,17,8,4,1.48,5.0,5.5
2024-10-27,28127,ligue1,Marseille,Paris SG,0,3,0.277951,4.04221,0.277951,4.04221,5,19,1,8,3.9,3.7,1.9
2024-10-27,28124,ligue1,Montpellier,Toulouse,0,3,0.241419,2.88708,0.241419,2.88708,9,15,2,6,3.1,3.6,2.2
2024-10-27,28128,ligue1,Nice,Monaco,2,1,1.79435,0.796703,1.79435,0.796703,17,11,9,5,3.2,3.5,2.2
2024-10-27,28125,ligue1,Strasbourg,Nantes,3,1,1.99679,0.761926,1.99679,0.761926,9,8,5,6,1.85,3.6,4.2
2024-11-01,28136,ligue1,Lille,Lyon,1,1,1.67241,1.58011,1.67241,1.58011,14,14,2,3,2.15,3.75,3.1
2024-11-01,28129,ligue1,Monaco,Angers,0,1,1.47525,0.50003,1.47525,0.50003,11,10,3,3,1.22,6.5,12.0
2024-11-02,28134,ligue1,Brest,Nice,0,1,1.02021,1.92085,1.02021,1.92085,16,12,6,3,2.63,3.25,2.75
2024-11-02,28130,ligue1,Paris SG,Lens,1,0,2.76932,0.803421,2.76932,0.803421,18,13,8,2,1.42,5.0,6.25
2024-11-02,28137,ligue1,St Etienne,Strasbourg,2,0,2.82745,0.451174,2.82745,0.451174,13,9,3,3,3.8,3.7,1.91
2024-11-03,28131,ligue1,Auxerre,Rennes,4,0,2.39897,0.701873,1.63888,0.701873,16,7,8,4,3.5,3.6,2.05
2024-11-03,28133,ligue1,Le Havre,Montpellier,1,0,1.7998,0.722691,1.03971,0.722691,12,15,4,1,2.2,3.5,3.2
2024-11-03,28135,ligue1,Nantes,Marseille,1,2,1.25901,0.876221,1.25901,0.876221,7,9,3,4,3.7,3.5,2.05
2024-11-03,28132,ligue1,Toulouse,Reims,1,0,0.910081,0.818661,0.910081,0.818661,13,13,6,2,2.0,3.5,3.75
2024-11-08,28146,ligue1,Marseille,Auxerre,1,3,2.02831,2.09466,1.26821,2.09466,19,10,5,6,1.4,5.0,7.5
2024-11-09,28142,ligue1,Angers,Paris SG,2,4,1.21483,4.38095,1.21483,4.38095,10,26,3,12,12.0,6.25,1.22
2024-11-09,28139,ligue1,Lens,Nantes,3,2,3.74705,1.49891,2.98696,0.738813,15,9,3,3,1.6,3.9,5.75
2024-11-09,28140,ligue1,Strasbourg,Monaco,1,3,0.771173,3.42574,0.771173,2.66564,5,19,2,8,3.4,3.7,2.0
2024-11-10,28143,ligue1,Le Havre,Reims,0,3,1.51035,2.69952,1.51035,2.69952,10,18,3,7,3.3,3.2,2.3
2024-11-10,28145,ligue1,Lyon,St Etienne,1,0,2.28647,0.703111,2.28647,0.703111,17,10,7,6,1.33,5.5,8.0
2024-11-10,28144,ligue1,Montpellier,Brest,3,1,3.03758,1.88669,1.51739,1.88669,14,19,8,6,3.25,3.5,2.2
2024-11-10,28141,ligue1,Nice,Lille,2,2,1.92983,2.19562,1.92983,2.19562,17,13,5,6,2.55,3.2,2.9
2024-11-10,28138,ligue1,Rennes,Toulouse,0,2,0.31279,1.31564,0.31279,1.31564,7,9,1,2,2.15,3.4,3.4
2024-11-22,28153,ligue1,Monaco,Brest,3,2,2.55781,1.38684,2.55781,1.38684,10,12,4,4,1.5,4.33,6.5
2024-11-22,28147,ligue1,Paris SG,Toulouse,3,0,1.63216,1.84157,1.63216,1.84157,17,11,8,2,1.36,5.5,7.0
2024-11-23,28148,ligue1,Lens,Marseille,1,3,2.1723,1.37895,2.1723,1.37895,16,7,7,4,2.25,3.5,3.1
2024-11-23,28155,ligue1,Reims,Lyon,1,1,1.17295,1.92683,1.17295,1.92683,14,13,6,7,2.75,3.75,2.35
2024-11-23,28150,ligue1,St Etienne,Montpellier,1,0,1.27297,0.862794,1.27297,0.862794,11,11,4,3,2.3,3.6,2.9
2024-11-24,28154,ligue1,Auxerre,Angers,1,0,0.683126,1.14148,0.683126,1.14148,10,10,6,5,1.8,3.7,4.33
2024-11-24,28151,ligue1,Lille,Rennes,1,0,0.641516,0.178059,0.641516,0.178059,5,4,2,1,1.91,3.6,3.9
2024-11-24,28152,ligue1,Nantes,Le Havre,0,2,0.846924,0.977121,0.846924,0.977121,18,7,4,5,1.85,3.4,4.5
2024-11-24,28149,ligue1,Nice,Strasbourg,2,1,2.03827,0.524154,2.03827,0.524154,15,10,5,3,1.75,3.6,4.75
2024-11-29,28156,ligue1,Reims,Lens,0,2,0.589301,1.40788,0.589301,1.40788,16,11,3,6,3.1,3.3,2.3
2024-11-30,28159,ligue1,Brest,Strasbourg,3,1,2.90417,0.930345,1.38398,0.930345,11,12,8,4,2.2,3.4,3.3
2024-11-30,28161,ligue1,Paris SG,Nantes,1,1,3.85838,0.742742,3.85838,0.742742,24,5,10,2,1.22,7.0,11.0
2024-11-30,28157,ligue1,Rennes,St Etienne,5,0,3.01812,0.168428,1.49793,0.168428,18,2,9,0,1.48,4.75,6.0
2024-12-01,28158,ligue1,Le Havre,Angers,0,1,0.322626,2.10367,0.322626,2.10367,5,12,1,3,2.3,3.2,3.3
2024-12-01,28163,ligue1,Lyon,Nice,4,1,2.88467,2.03621,2.12457,2.03621,16,16,8,7,1.91,3.8,3.7
2024-12-01,28162,ligue1,Marseille,Monaco,2,1,1.65632,0.958578,0.896228,0.958578,9,7,4,4,2.63,3.4,2.63
2024-12-01,28160,ligue1,Montpellier,Lille,2,2,1.28241,2.06485,1.28241,0.54466,11,13,5,4,4.5,3.6,1.8
2024-12-01,28164,ligue1,Toulouse,Auxerre,2,0,2.78623,0.129647,2.02614,0.129647,12,4,7,0,1.7,3.6,5.25
2024-12-06,28166,ligue1,Auxerre,Paris SG,0,0,0.34154,3.04535,0.34154,3.04535,6,25,2,11,9.0,5.75,1.3
2024-12-06,28169,ligue1,Lille,Brest,3,1,3.01042,0.740372,2.25032,0.740372,10,7,6,3,1.65,3.6,6.0
2024-12-07,28168,ligue1,Angers,Lyon,0,3,0.505438,2.02701,0.505438,2.02701,10,16,2,10,5.0,4.0,1.67
2024-12-07,28173,ligue1,Monaco,Toulouse,2,0,2.8043,0.232536,2.8043,0.232536,19,6,5,3,1.7,3.8,5.0
2024-12-07,28165,ligue1,Nice,Le Havre,2,1,2.27599,1.42884,1.51589,1.42884,17,12,5,2,1.6,3.75,6.0
2024-12-08,28170,ligue1,Lens,Montpellier,2,0,1.10272,1.51819,1.10272,1.51819,18,7,4,4,1.36,5.25,7.5
2024-12-08,28172,ligue1,Nantes,Rennes,1,0,1.70972,0.285927,1.70972,0.285927,14,5,2,3,3.0,3.25,2.4
2024-12-08,28167,ligue1,St Etienne,Marseille,0,2,0.166752,2.9851,0.166752,2.09167,3,21,2,10,5.25,3.9,1.65
2024-12-08,28171,ligue1,Strasbourg,Reims,0,0,1.0949,1.28455,1.0949,1.28455,7,11,2,3,2.38,3.3,3.0
2024-12-13,28178,ligue1,Toulouse,St Etienne,2,1,1.73249,0.388289,1.73249,0.388289,11,3,4,2,1.36,5.0,8.5
2024-12-14,28177,ligue1,Auxerre,Lens,2,2,0.51026,1.73768,0.51026,1.73768,10,16,3,5,3.8,3.6,1.95
2024-12-14,28181,ligue1,Marseille,Lille,1,1,1.21515,1.24013,1.21515,1.24013,9,10,3,5,2.15,3.5,3.3
2024-12-14,28176,ligue1,Reims,Monaco,0,0,1.52074,1.3291,1.52074,1.3291,8,14,0,3,3.7,3.6,2.0
2024-12-15,28180,ligue1,Brest,Nantes,4,1,2.20104,1.39913,2.20104,1.39913,13,16,8,7,2.05,3.4,3.6
2024-12-15,28175,ligue1,Le Havre,Strasbourg,0,3,1.58328,1.39172,1.58328,1.39172,11,9,1,5,3.1,3.2,2.4
2024-12-15,28179,ligue1,Montpellier,Nice,2,2,2.45121,1.55192,2.45121,1.55192,20,18,8,6,2.9,3.6,2.3
2024-12-15,28182,ligue1,Paris SG,Lyon,3,1,2.59615,1.23945,1.83605,1.23945,13,7,6,3,1.4,6.0,5.75
2024-12-15,28174,ligue1,Rennes,Angers,2,0,0.62717,0.391796,0.62717,0.391796,7,3,4,0,1.62,4.0,5.5
2024-12-18,28183,ligue1,Monaco,Paris SG,2,4,3.10193,2.40654,2.34183,2.40654,15,17,5,12,4.0,3.8,1.85
2025-01-03,28191,ligue1,Nice,Rennes,3,2,1.51944,1.50451,1.51944,1.50451,9,10,6,5,2.2,3.3,3.4
2025-01-04,28188,ligue1,Lille,Nantes,1,1,1.13415,1.07277,1.13415,0.312679,13,6,3,2,1.5,4.33,6.25
2025-01-04,28184,ligue1,Lyon,Montpellier,1,0,1.07725,1.55585,1.07725,1.55585,12,16,2,6,1.33,5.5,8.0
2025-01-04,28186,ligue1,St Etienne,Reims,3,1,3.18639,1.27612,3.18639,1.27612,14,11,4,1,3.6,3.3,2.1
2025-01-05,28187,ligue1,Angers,Brest,2,0,1.90119,0.608874,1.90119,0.608874,7,12,2,4,3.2,3.3,2.3
2025-01-05,28185,ligue1,Lens,Toulouse,0,1,1.32887,2.19226,1.32887,1.43216,14,8,1,4,1.91,3.4,4.33
2025-01-05,28189,ligue1,Marseille,Le Havre,5,1,3.17491,0.885341,3.17491,0.885341,15,4,9,1,1.3,6.0,8.0
2025-01-05,28190,ligue1,Strasbourg,Auxerre,3,1,2.89722,1.7605,2.13712,1.7605,11,14,4,7,1.85,3.6,4.2
2025-01-10,28194,ligue1,Auxerre,Lille,0,0,0.601359,1.51829,0.601359,0.758197,13,13,3,5,4.6,3.8,1.75
2025-01-10,28193,ligue1,Nantes,Monaco,2,2,1.41184,3.48791,1.41184,3.48791,10,15,4,7,5.0,3.75,1.73
2025-01-11,28198,ligue1,Brest,Lyon,2,1,1.28964,1.40093,1.28964,1.40093,11,10,6,3,3.1,3.5,2.25
2025-01-11,28195,ligue1,Reims,Nice,2,4,0.950928,3.22004,0.950928,2.45995,12,15,3,10,2.6,3.5,2.6
2025-01-11,28200,ligue1,Rennes,Marseille,1,2,1.76569,2.49254,1.0056,2.49254,5,13,4,7,3.0,3.25,2.4
2025-01-12,28196,ligue1,Le Havre,Lens,1,2,1.84216,3.10793,1.84216,3.10793,8,25,4,7,5.5,3.8,1.62
2025-01-12,28197,ligue1,Montpellier,Angers,1,3,1.44663,3.46863,0.686539,3.46863,8,21,3,8,2.1,3.5,3.4
2025-01-12,28199,ligue1,Paris SG,St Etienne,2,1,5.07062,0.410024,4.31052,0.410024,25,8,9,3,1.09,9.5,23.0
2025-01-12,28192,ligue1,Toulouse,Strasbourg,1,2,1.19281,1.82783,1.19281,1.82783,19,8,5,2,1.75,3.8,4.5
2025-01-17,28203,ligue1,Lille,Nice,2,1,1.29219,2.90437,1.29219,2.90437,11,11,4,3,2.1,3.4,3.6
2025-01-17,28206,ligue1,Montpellier,Monaco,2,1,2.60645,1.74957,2.60645,1.74957,12,26,4,11,5.25,4.5,1.55
2025-01-18,28202,ligue1,Lens,Paris SG,1,2,1.34901,1.57299,1.34901,1.57299,10,9,5,7,4.5,3.9,1.73
2025-01-18,28204,ligue1,Lyon,Toulouse,0,0,0.619056,1.36611,0.619056,1.36611,11,13,3,4,1.85,3.9,4.0
2025-01-18,28209,ligue1,Rennes,Brest,1,2,1.92675,1.87321,1.92675,1.87321,22,10,9,3,2.0,3.4,3.9
2025-01-19,28208,ligue1,Angers,Auxerre,2,0,1.21759,0.462137,1.21759,0.462137,12,10,4,4,2.4,3.2,3.0
2025-01-19,28201,ligue1,Marseille,Strasbourg,1,1,3.29082,0.854933,2.53072,0.854933,18,7,3,3,1.57,4.33,5.25
2025-01-19,28207,ligue1,Reims,Le Havre,1,1,1.49091,1.29453,1.49091,1.29453,11,7,3,2,1.62,4.0,5.25
2025-01-19,28205,ligue1,St Etienne,Nantes,1,1,0.836137,1.36031,0.836137,1.36031,12,8,2,4,2.45,3.25,2.9
2025-01-24,28214,ligue1,Auxerre,St Etienne,1,1,0.582829,1.1913,0.582829,1.1913,11,8,5,3,1.91,3.7,3.8
2025-01-25,28211,ligue1,Monaco,Rennes,3,2,3.47384,1.85205,3.47384,1.85205,20,14,10,5,1.7,3.9,4.75
2025-01-25,28216,ligue1,Paris SG,Reims,1,1,1.79628,0.613384,1.79628,0.613384,18,6,7,3,1.27,6.5,9.0
2025-01-25,28210,ligue1,Strasbourg,Lille,2,1,1.19703,1.95469,1.19703,1.95469,11,15,7,6,2.75,3.4,2.55
2025-01-26,28213,ligue1,Le Havre,Brest,0,1,0.696232,2.38282,0.696232,2.38282,11,17,1,9,3.3,3.1,2.35
2025-01-26,28215,ligue1,Lens,Angers,1,0,2.01118,0.0813578,2.01118,0.0813578,16,2,4,0,1.42,4.33,7.5
2025-01-26,28218,ligue1,Nantes,Lyon,1,1,1.62983,1.61762,1.62983,1.61762,7,15,5,4,3.3,3.5,2.1
2025-01-26,28217,ligue1,Nice,Marseille,2,0,2.10992,1.11157,2.10992,1.11157,14,18,5,6,2.8,3.5,2.45
2025-01-26,28212,ligue1,Toulouse,Montpellier,1,2,1.34257,0.939857,1.34257,0.939857,15,6,6,4,1.62,4.0,5.25
2025-01-31,28221,ligue1,Montpellier,Lens,0,2,1.11121,3.21001,1.11121,3.21001,14,19,2,5,4.33,3.7,1.83
2025-02-01,28220,ligue1,Brest,Paris SG,2,5,0.63646,3.94899,0.63646,3.94899,14,14,7,7,6.25,5.0,1.44
2025-02-01,28222,ligue1,Lille,St Etienne,4,1,2.74822,2.10343,1.98812,1.34333,29,9,13,2,1.4,4.5,8.0
2025-02-01,28227,ligue1,Monaco,Auxerre,4,2,2.07751,1.6376,2.07751,0.877508,11,12,6,7,1.33,5.5,8.5
2025-02-02,28224,ligue1,Angers,Le Havre,1,1,1.77333,2.19254,1.77333,2.19254,17,13,2,5,1.95,3.4,3.9
2025-02-02,28219,ligue1,Marseille,Lyon,3,2,3.61972,1.83806,3.61972,1.07796,20,10,11,4,2.0,3.9,3.3
2025-02-02,28223,ligue1,Reims,Nantes,1,2,0.960868,1.41652,0.960868,1.41652,13,11,2,6,2.15,3.4,3.4
2025-02-02,28226,ligue1,Rennes,Strasbourg,1,0,0.763344,0.994427,0.763344,0.994427,13,7,3,3,2.05,3.5,3.6
2025-02-02,28225,ligue1,Toulouse,Nice,1,1,0.854551,1.51342,0.854551,0.753321,15,13,4,3,2.5,3.4,2.75
2025-02-07,28229,ligue1,Nantes,Brest,0,2,1.45114,2.49765,1.45114,2.49765,15,10,2,6,2.45,3.1,3.1
2025-02-07,28233,ligue1,Paris SG,Monaco,4,1,3.13964,0.924683,3.13964,0.924683,16,9,7,3,1.38,5.5,6.5
2025-02-08,28231,ligue1,Lille,Le Havre,1,2,1.76979,1.65349,1.76979,1.65349,14,14,5,6,1.36,5.5,8.0
2025-02-08,28236,ligue1,Nice,Lens,2,0,3.37347,1.02488,2.61337,1.02488,16,12,8,3,2.35,3.3,3.1
2025-02-08,28232,ligue1,St Etienne,Rennes,0,2,0.462142,4.06991,0.462142,4.06991,9,21,3,9,3.3,3.4,2.15
2025-02-09,28235,ligue1,Angers,Marseille,0,2,0.367397,2.87581,0.367397,2.87581,5,18,0,10,5.5,4.0,1.62
2025-02-09,28228,ligue1,Auxerre,Toulouse,2,2,0.716768,1.16269,0.716768,1.16269,9,7,3,3,3.0,3.4,2.35
2025-02-09,28234,ligue1,Lyon,Reims,4,0,3.24979,0.307882,3.24979,0.307882,15,9,9,2,1.53,4.5,5.75
2025-02-09,28230,ligue1,Strasbourg,Montpellier,2,0,3.17215,1.9822,3.17215,1.9822,22,11,6,2,1.75,4.1,4.1
2025-02-14,28241,ligue1,Brest,Auxerre,2,2,1.97492,1.48646,1.97492,1.48646,18,11,6,6,2.25,3.3,3.3
2025-02-15,28238,ligue1,Marseille,St Etienne,5,1,5.94236,1.0312,5.18227,1.0312,28,7,14,2,1.25,6.5,9.5
2025-02-15,28245,ligue1,Monaco,Nantes,7,1,5.14782,1.36606,4.38773,1.36606,22,6,11,2,1.55,4.2,6.0
2025-02-15,28237,ligue1,Toulouse,Paris SG,0,1,1.19618,2.93281,1.19618,2.93281,14,20,4,6,5.75,4.75,1.5
2025-02-16,28244,ligue1,Le Havre,Nice,1,3,0.555829,1.22276,0.555829,1.22276,14,9,4,3,5.0,4.0,1.62
2025-02-16,28240,ligue1,Lens,Strasbourg,0,2,0.265561,1.97845,0.265561,1.97845,7,13,0,5,1.72,3.8,4.75
2025-02-16,28239,ligue1,Montpellier,Lyon,1,4,1.33893,1.59077,1.33893,1.59077,11,9,4,6,4.75,4.5,1.58
2025-02-16,28243,ligue1,Reims,Angers,0,1,2.06733,2.43148,1.30724,2.43148,16,10,4,3,2.0,3.4,3.9
2025-02-16,28242,ligue1,Rennes,Lille,0,2,0.417057,3.01977,0.417057,2.25968,4,18,0,7,2.7,3.25,2.7
2025-02-21,28246,ligue1,Rennes,Reims,1,0,3.0636,0.160269,2.30351,0.160269,26,3,5,0,2.15,3.4,3.4
2025-02-22,28252,ligue1,Auxerre,Marseille,3,0,1.96607,1.22185,1.20597,1.22185,9,8,5,2,5.5,4.33,1.55
2025-02-22,28248,ligue1,Lille,Monaco,2,1,1.04956,2.78007,1.04956,2.78007,9,13,6,3,2.15,3.7,3.1
2025-02-22,28251,ligue1,St Etienne,Angers,3,3,1.70031,3.1805,1.70031,1.66031,19,13,8,4,2.4,3.3,3.0
2025-02-23,28247,ligue1,Le Havre,Toulouse,1,4,1.04249,2.60783,1.04249,1.84774,11,11,3,5,4.0,3.4,1.95
2025-02-23,28254,ligue1,Lyon,Paris SG,2,3,1.76184,2.74583,1.76184,2.74583,14,15,7,8,4.2,4.33,1.7
2025-02-23,28250,ligue1,Nantes,Lens,3,1,4.25273,2.06191,3.49264,1.30181,17,14,8,4,3.7,3.4,2.05
2025-02-23,28253,ligue1,Nice,Montpellier,2,0,2.14122,0.916772,2.14122,0.916772,16,13,6,1,1.38,5.0,7.5
2025-02-23,28249,ligue1,Strasbourg,Brest,0,0,0.785346,0.498988,0.785346,0.498988,3,12,1,2,2.0,3.6,3.6
2025-02-28,28262,ligue1,Monaco,Reims,3,0,4.01066,0.722972,4.01066,0.722972,23,9,9,5,1.38,5.0,7.5
2025-03-01,28260,ligue1,Lens,Le Havre,3,4,2.02687,1.73131,1.26677,0.971219,20,8,7,4,1.38,5.0,7.5
2025-03-01,28255,ligue1,Paris SG,Lille,4,1,3.59846,0.872733,3.59846,0.872733,26,6,11,2,1.4,4.75,7.5
2025-03-01,28259,ligue1,St Etienne,Nice,1,3,1.01895,2.41374,1.01895,2.41374,12,16,3,9,5.0,4.0,1.67
2025-03-02,28263,ligue1,Angers,Toulouse,0,4,0.363765,4.43647,0.363765,4.43647,5,19,1,13,3.3,3.1,2.35
2025-03-02,28261,ligue1,Auxerre,Strasbourg,0,1,2.09273,1.52559,2.09273,1.52559,14,6,5,3,2.8,3.4,2.5
2025-03-02,28257,ligue1,Lyon,Brest,2,1,1.54474,1.89282,1.54474,1.13273,10,15,4,5,1.65,3.9,5.25
2025-03-02,28256,ligue1,Marseille,Nantes,2,0,2.61727,0.838148,2.61727,0.838148,21,8,5,2,1.4,5.0,7.0
2025-03-02,28258,ligue1,Montpellier,Rennes,0,4,1.60296,2.49604,1.60296,1.54646,16,15,5,9,3.5,3.4,2.1
2025-03-07,28267,ligue1,Toulouse,Monaco,1,1,1.25392,2.8576,1.25392,2.8576,8,13,3,3,3.25,3.5,2.15
2025-03-08,28270,ligue1,Lille,Montpellier,1,0,1.7771,0.305936,1.7771,0.305936,18,10,8,3,1.37,4.75,7.5
2025-03-08,28272,ligue1,Marseille,Lens,0,1,1.18945,1.23993,1.18945,1.23993,15,3,6,2,1.53,4.33,6.0
2025-03-08,28271,ligue1,Rennes,Paris SG,1,4,2.10922,3.39834,2.10922,3.39834,13,19,3,9,4.75,3.9,1.7
2025-03-09,28269,ligue1,Brest,Angers,2,0,4.53611,0.48923,4.53611,0.48923,19,7,7,1,1.73,3.6,5.0
2025-03-09,28264,ligue1,Le Havre,St Etienne,1,1,2.15479,1.3916,1.25129,1.3916,13,12,7,3,2.3,3.4,3.1
2025-03-09,28266,ligue1,Nantes,Strasbourg,0,1,0.66134,1.17018,0.66134,1.17018,11,9,2,1,2.6,3.25,2.75
2025-03-09,28268,ligue1,Nice,Lyon,0,2,1.50591,0.78019,1.50591,0.78019,18,8,4,5,2.0,3.7,3.5
2025-03-09,28265,ligue1,Reims,Auxerre,0,2,1.83707,1.87605,1.83707,1.87605,18,13,4,9,2.4,3.3,3.0
2025-03-14,28274,ligue1,Nice,Auxerre,1,1,2.29143,0.606081,2.29143,0.606081,20,10,6,4,1.57,3.9,6.0
2025-03-15,28281,ligue1,Angers,Monaco,0,2,0.497795,2.03553,0.497795,1.27543,6,16,2,5,6.5,4.75,1.42
2025-03-15,28278,ligue1,Lens,Rennes,1,0,0.643819,0.653605,0.643819,0.653605,9,12,4,5,2.05,3.5,3.6
2025-03-15,28280,ligue1,Nantes,Lille,1,0,2.00991,2.45036,2.00991,2.45036,10,13,3,4,3.6,3.2,2.15
2025-03-16,28276,ligue1,Brest,Reims,0,0,0.33799,0.985266,0.33799,0.985266,11,12,0,2,1.67,3.9,5.0
2025-03-16,28277,ligue1,Lyon,Le Havre,4,2,3.58655,1.56105,2.82645,0.800956,16,14,7,5,1.36,5.5,7.0
2025-03-16,28275,ligue1,Montpellier,St Etienne,0,2,1.33869,1.13788,1.33869,1.13788,13,11,3,6,2.2,3.5,3.2
2025-03-16,28273,ligue1,Paris SG,Marseille,3,1,2.60859,0.734284,2.60859,0.734284,16,11,5,2,1.45,5.0,6.0
2025-03-16,28279,ligue1,Strasbourg,Toulouse,2,1,1.98742,1.39687,1.98742,1.39687,10,11,3,7,2.25,3.25,3.25
2025-03-28,28285,ligue1,Strasbourg,Lyon,4,2,1.77552,2.87161,1.77552,2.11152,14,16,7,11,2.7,3.6,2.45
2025-03-29,28290,ligue1,Monaco,Nice,2,1,2.52612,0.60151,1.76603,0.60151,17,9,6,4,1.9,3.9,3.75
2025-03-29,28288,ligue1,Reims,Marseille,3,1,1.05547,1.07885,1.05547,1.07885,7,20,5,8,5.5,4.2,1.57
2025-03-29,28287,ligue1,St Etienne,Paris SG,1,6,1.27635,3.96021,1.27635,3.20012,11,22,2,10,17.0,8.5,1.14
2025-03-30,28282,ligue1,Angers,Rennes,0,3,1.04854,1.63382,1.04854,1.63382,9,14,4,6,4.2,3.6,1.82
2025-03-30,28283,ligue1,Auxerre,Montpellier,1,0,2.11681,0.457017,2.11681,0.457017,21,12,6,1,1.69,3.8,4.5
2025-03-30,28284,ligue1,Le Havre,Nantes,3,2,4.01379,1.06585,2.4936,1.06585,16,7,5,2,3.1,3.2,2.37
2025-03-30,28289,ligue1,Lille,Lens,1,0,1.95492,0.596446,1.95492,0.596446,11,5,5,2,2.0,3.4,3.75
2025-03-30,28286,ligue1,Toulouse,Brest,2,4,2.44172,1.99117,2.44172,1.99117,17,10,4,5,2.0,3.25,4.1
2025-04-04,28292,ligue1,Nice,Nantes,1,2,2.17922,0.945149,2.17922,0.945149,21,8,9,4,1.5,4.2,6.5
2025-04-05,28293,ligue1,Brest,Monaco,2,1,0.90697,1.75483,0.90697,0.994731,13,10,4,3,4.0,3.6,1.9
2025-04-05,28295,ligue1,Lyon,Lille,2,1,1.75398,0.656931,0.993887,0.656931,10,10,4,4,2.2,3.6,3.1
2025-04-05,28297,ligue1,Paris SG,Angers,1,0,1.64379,0.280438,1.64379,0.280438,20,5,6,0,1.14,8.0,19.0
2025-04-06,28296,ligue1,Lens,St Etienne,1,0,2.50421,1.69228,2.50421,0.911923,20,8,5,3,1.55,4.1,6.0
2025-04-06,28291,ligue1,Marseille,Toulouse,3,2,1.13222,1.30619,1.13222,1.30619,9,8,4,3,1.75,3.8,4.5
2025-04-06,28294,ligue1,Montpellier,Le Havre,0,2,0.956146,1.72977,0.956146,1.72977,14,13,6,4,2.4,3.25,3.0
2025-04-06,28298,ligue1,Reims,Strasbourg,0,1,0.891063,2.80314,0.891063,2.80314,14,13,7,4,3.2,3.6,2.15
2025-04-06,28299,ligue1,Rennes,Auxerre,0,1,1.06426,1.10602,1.06426,1.10602,18,11,5,3,1.85,3.6,4.33
2025-04-11,28307,ligue1,Lens,Reims,0,2,2.71917,1.44859,2.71917,1.44859,37,10,14,2,1.53,4.1,6.25
2025-04-12,28308,ligue1,Monaco,Marseille,3,0,2.91516,0.877673,2.15506,0.877673,15,8,10,4,2.0,3.8,3.4
2025-04-12,28304,ligue1,Strasbourg,Nice,2,2,0.789035,1.83829,0.789035,1.83829,11,23,4,6,2.55,3.3,2.75
2025-04-12,28300,ligue1,Toulouse,Lille,1,2,0.982005,0.599675,0.982005,0.599675,10,6,5,3,2.8,3.3,2.55
2025-04-13,28306,ligue1,Angers,Montpellier,2,0,1.771,0.452518,1.771,0.452518,10,4,4,1,1.9,3.5,4.1
2025-04-13,28302,ligue1,Auxerre,Lyon,1,3,1.00397,3.11801,1.00397,2.35791,14,13,3,7,3.6,3.6,2.0
2025-04-13,28301,ligue1,Le Havre,Rennes,1,5,0.718016,3.72188,0.718016,3.72188,11,10,2,6,3.5,3.4,2.1
2025-04-13,28305,ligue1,St Etienne,Brest,3,3,1.02329,2.01379,1.02329,2.01379,9,14,4,6,3.5,3.6,2.05
2025-04-18,28317,ligue1,Rennes,Nantes,2,1,2.52992,0.702331,1.76983,0.702331,19,4,5,1,1.8,3.5,4.75
2025-04-19,28314,ligue1,Marseille,Montpellier,5,1,3.82233,0.304052,3.06224,0.304052,18,6,8,1,1.22,7.0,11.0
2025-04-19,28316,ligue1,Monaco,Strasbourg,0,0,0.969947,0.340219,0.969947,0.340219,12,5,4,2,1.57,4.75,4.75
2025-04-19,28313,ligue1,Paris SG,Le Havre,2,1,3.19233,0.709291,3.19233,0.709291,18,9,11,1,1.13,9.0,17.0
2025-04-20,28311,ligue1,Brest,Lens,1,3,1.05399,2.98551,1.05399,2.22541,11,17,5,9,2.35,3.3,3.1
2025-04-20,28312,ligue1,Lille,Auxerre,3,1,2.97047,0.280948,2.97047,0.280948,15,7,9,3,1.5,4.2,7.0
2025-04-20,28310,ligue1,Nice,Angers,2,1,2.72567,0.278639,2.72567,0.278639,22,5,8,2,1.38,5.0,8.0
2025-04-20,28315,ligue1,Reims,Toulouse,1,0,0.659517,1.32734,0.659517,1.32734,8,18,2,6,3.3,3.25,2.25
2025-04-20,28309,ligue1,St Etienne,Lyon,2,1,1.74645,0.632299,1.74645,0.632299,18,14,6,2,5.25,4.2,1.62
2025-04-22,28303,ligue1,Nantes,Paris SG,1,1,0.520926,2.30552,0.520926,2.30552,8,10,2,5,6.25,5.5,1.4
2025-04-25,28324,ligue1,Paris SG,Nice,1,3,4.50698,1.63001,4.50698,1.63001,32,7,13,3,1.7,4.5,4.1
2025-04-26,28318,ligue1,Le Havre,Monaco,1,1,0.807798,3.28954,0.807798,3.28954,9,19,3,7,6.5,5.0,1.42
2025-04-26,28326,ligue1,Lyon,Rennes,4,1,2.25879,0.781584,2.25879,0.781584,14,10,8,4,1.75,4.2,4.1
2025-04-26,28319,ligue1,Strasbourg,St Etienne,3,1,2.8346,2.2201,2.8346,2.2201,18,17,7,6,1.62,4.2,5.0
2025-04-27,28323,ligue1,Angers,Lille,0,2,0.916985,2.22596,0.916985,2.22596,6,9,3,5,6.0,3.9,1.57
2025-04-27,28322,ligue1,Lens,Auxerre,0,4,2.31455,2.38411,2.31455,2.38411,16,12,5,8,1.6,4.0,5.5
2025-04-27,28325,ligue1,Marseille,Brest,4,1,1.12568,2.00913,1.12568,2.00913,11,9,7,4,1.5,4.5,6.0
2025-04-27,28321,ligue1,Montpellier,Reims,0,0,0.949696,1.03714,0.949696,1.03714,12,8,2,3,4.5,3.6,1.75
2025-04-27,28320,ligue1,Nantes,Toulouse,0,0,1.33764,0.410988,1.33764,0.410988,11,6,3,3,2.88,3.25,2.45
2025-05-02,28332,ligue1,Nice,Reims,1,0,1.2118,0.876237,1.2118,0.876237,8,16,2,3,1.4,4.75,7.5
2025-05-03,28334,ligue1,St Etienne,Monaco,1,3,1.16957,1.84407,1.16957,1.84407,11,12,1,6,6.5,5.25,1.37
2025-05-03,28328,ligue1,Strasbourg,Paris SG,2,1,1.42064,2.35931,1.42064,2.35931,9,20,2,4,2.45,3.75,2.6
2025-05-03,28327,ligue1,Toulouse,Rennes,2,1,1.01393,1.57739,1.01393,1.57739,9,15,3,6,2.15,3.4,3.4
2025-05-04,28329,ligue1,Auxerre,Le Havre,1,2,0.32277,1.30285,0.32277,1.30285,4,11,1,5,2.1,3.6,3.25
2025-05-04,28333,ligue1,Brest,Montpellier,1,0,1.34191,0.413817,1.34191,0.413817,16,6,5,1,1.36,5.25,7.5
2025-05-04,28331,ligue1,Lille,Marseille,1,1,0.682721,1.42571,0.682721,1.42571,5,13,1,6,2.35,3.25,3.1
2025-05-04,28330,ligue1,Lyon,Lens,1,2,1.1801,0.952824,1.1801,0.952824,18,8,4,3,1.55,4.33,5.75
2025-05-04,28335,ligue1,Nantes,Angers,0,1,0.14126,0.727966,0.14126,0.727966,8,14,3,2,1.9,3.2,4.75
2025-05-10,28338,ligue1,Angers,Strasbourg,2,1,1.33058,0.710143,1.33058,0.710143,5,15,2,3,4.2,3.75,1.8
2025-05-10,28337,ligue1,Auxerre,Nantes,1,1,0.624481,0.823377,0.624481,0.823377,9,7,3,2,2.8,3.4,2.45
2025-05-10,28343,ligue1,Brest,Lille,2,0,1.88589,1.84479,1.88589,1.84479,12,18,4,2,4.5,3.8,1.75
2025-05-10,28339,ligue1,Le Havre,Marseille,1,3,1.10297,2.16132,1.10297,2.16132,10,22,4,5,6.0,4.5,1.5
2025-05-10,28344,ligue1,Monaco,Lyon,2,0,1.48659,0.390411,1.48659,0.390411,11,9,5,4,1.83,4.2,3.7
2025-05-10,28341,ligue1,Montpellier,Paris SG,1,4,0.594471,1.78222,0.594471,1.02213,9,10,4,8,9.0,7.0,1.25
2025-05-10,28336,ligue1,Reims,St Etienne,0,2,1.12267,0.71062,1.12267,0.71062,19,9,3,4,2.1,3.7,3.2
2025-05-10,28340,ligue1,Rennes,Nice,2,0,2.06744,1.23457,2.06744,1.23457,10,14,4,6,3.6,3.8,1.95
2025-05-10,28342,ligue1,Toulouse,Lens,1,1,1.12406,0.766404,1.12406,0.766404,9,12,6,2,2.25,3.5,3.1
2025-05-17,28349,ligue1,Lens,Monaco,4,0,2.49045,0.481188,2.49045,0.481188,15,6,5,4,3.9,4.1,1.83
2025-05-17,28353,ligue1,Lille,Reims,2,1,2.31624,0.0983246,1.55615,0.0983246,21,5,5,2,1.38,4.75,8.5
2025-05-17,28348,ligue1,Lyon,Angers,2,0,3.75818,0.556633,2.99809,0.556633,21,13,4,3,1.29,6.0,9.0
2025-05-17,28346,ligue1,Marseille,Rennes,4,2,4.06558,1.40321,2.54539,1.40321,17,9,10,3,1.75,3.9,4.2
2025-05-17,28347,ligue1,Nantes,Montpellier,3,0,3.00657,0.602786,2.24647,0.602786,18,9,6,0,1.53,4.5,5.5
2025-05-17,28350,ligue1,Nice,Brest,6,0,5.0223,0.68904,4.2622,0.68904,18,10,9,1,1.48,4.5,6.5
2025-05-17,28351,ligue1,Paris SG,Auxerre,3,1,3.71972,0.9013,2.95963,0.9013,21,7,9,2,1.2,7.0,13.0
2025-05-17,28352,ligue1,St Etienne,Toulouse,2,3,1.32698,3.82215,1.32698,3.82215,18,17,7,9,1.95,4.2,3.25
2025-05-17,28345,ligue1,Strasbourg,Le Havre,2,3,1.74414,2.49529,1.74414,0.975097,6,10,4,5,1.57,4.75,5.0
2025-08-15,29538,ligue1,Rennes,Marseille,1,0,1.31418,2.07298,1.31418,2.07298,12,24,5,2,3.5,3.6,2.05
2025-08-16,29539,ligue1,Lens,Lyon,0,1,1.87447,1.615,1.87447,1.615,18,11,5,3,2.3,3.6,2.9
2025-08-16,29540,ligue1,Monaco,Le Havre,3,1,1.88048,0.427494,1.88048,0.427494,13,9,3,4,1.33,5.25,8.0
2025-08-16,29541,ligue1,Nice,Toulouse,0,1,0.95554,0.56945,0.95554,0.56945,13,10,2,2,2.1,3.3,3.6
2025-08-17,29544,ligue1,Angers,Paris FC,1,0,0.82142,0.71125,0.82142,0.71125,8,17,2,7,2.63,3.2,2.8
2025-08-17,29543,ligue1,Auxerre,Lorient,1,0,1.4925,1.84516,0.732401,1.84516,7,14,3,3,2.38,3.3,3.0
2025-08-17,29542,ligue1,Brest,Lille,3,3,1.49573,1.84218,1.49573,1.84218,18,10,5,6,3.3,3.4,2.2
2025-08-17,29545,ligue1,Metz,Strasbourg,0,1,0.184483,0.731013,0.184483,0.731013,2,9,0,4,3.2,3.4,2.25
2025-08-17,29546,ligue1,Nantes,Paris SG,0,1,0.124428,1.35682,0.124428,1.35682,6,18,0,4,7.5,5.5,1.36
2025-08-22,29547,ligue1,Paris SG,Angers,1,0,2.0878,0.176876,1.32771,0.176876,21,3,4,0,1.08,12.0,21.0
2025-08-23,29550,ligue1,Lyon,Metz,3,0,2.35479,0.504863,2.35479,0.504863,13,11,8,2,1.4,5.0,7.0
2025-08-23,29548,ligue1,Marseille,Paris FC,5,2,3.337,1.05457,1.81681,1.05457,12,8,7,4,1.38,5.0,7.5
2025-08-23,29549,ligue1,Nice,Auxerre,3,1,2.66284,2.24407,2.66284,2.24407,16,12,6,8,1.62,4.2,5.0
2025-08-24,29553,ligue1,Le Havre,Lens,1,2,2.0398,1.29098,2.0398,0.530884,18,6,6,3,3.75,3.6,1.95
2025-08-24,29555,ligue1,Lille,Monaco,1,0,2.41091,1.52213,1.65081,1.52213,18,6,1,1,3.1,3.6,2.2
2025-08-24,29551,ligue1,Lorient,Rennes,4,0,3.4466,0.0728372,3.4466,0.0728372,22,5,7,1,2.8,3.3,2.55
2025-08-24,29552,ligue1,Strasbourg,Nantes,1,0,1.81743,0.425423,1.81743,0.425423,15,9,4,2,1.75,3.5,5.0
2025-08-24,29554,ligue1,Toulouse,Brest,2,0,1.32432,0.750148,1.32432,0.750148,6,16,3,2,2.1,3.6,3.3
2025-08-29,29556,ligue1,Lens,Brest,3,1,4.42054,0.963409,3.66045,0.963409,30,9,10,2,1.85,3.75,4.0
2025-08-30,29557,ligue1,Lorient,Lille,1,7,1.1603,3.70255,0.245616,3.70255,6,20,2,11,3.4,3.5,2.1
2025-08-30,29558,ligue1,Nantes,Auxerre,1,0,0.418091,1.10996,0.418091,1.10996,4,14,3,4,2.2,3.4,3.25
2025-08-30,29559,ligue1,Toulouse,Paris SG,3,6,2.33006,2.49609,1.56997,0.975901,14,13,6,8,8.5,5.25,1.33
2025-08-31,29560,ligue1,Angers,Rennes,1,1,1.58619,1.73758,1.58619,1.73758,10,15,7,7,3.4,3.5,2.1
2025-08-31,29561,ligue1,Le Havre,Nice,3,1,1.75553,0.715595,1.75553,0.715595,12,7,8,3,3.6,3.5,2.05
2025-08-31,29564,ligue1,Lyon,Marseille,1,0,3.15727,0.896862,3.15727,0.896862,17,5,5,2,2.63,3.6,2.5
2025-08-31,29563,ligue1,Monaco,Strasbourg,3,2,2.35547,1.7732,2.35547,1.01311,12,12,4,4,1.55,4.33,5.5
2025-08-31,29562,ligue1,Paris FC,Metz,3,2,3.39898,1.6248,2.63889,1.6248,24,14,9,2,1.8,3.7,4.33
2025-09-12,29568,ligue1,Marseille,Lorient,4,0,2.83367,0.187377,2.07357,0.187377,15,4,8,1,1.38,5.0,7.5
2025-09-13,29565,ligue1,Auxerre,Monaco,1,2,0.904229,1.62646,0.904229,1.62646,9,13,2,3,5.0,4.33,1.6
2025-09-13,29570,ligue1,Nice,Nantes,1,0,2.34645,0.775945,2.34645,0.775945,19,14,8,3,1.67,3.7,5.25
2025-09-14,29566,ligue1,Brest,Paris FC,1,2,2.60519,1.85008,1.8451,1.85008,23,7,8,4,2.25,3.5,3.1
2025-09-14,29567,ligue1,Lille,Toulouse,2,1,2.42116,1.15678,1.66107,1.15678,20,9,5,4,1.75,3.8,4.5
2025-09-14,29569,ligue1,Metz,Angers,1,1,1.76271,1.98184,1.00261,1.22174,9,11,5,4,2.25,3.4,3.2
2025-09-14,29571,ligue1,Paris SG,Lens,2,0,1.05815,1.2242,1.05815,1.2242,14,11,6,3,1.33,5.75,7.5
2025-09-14,29572,ligue1,Rennes,Lyon,3,1,2.20918,1.7381,2.20918,1.7381,23,8,5,5,2.63,3.6,2.55
2025-09-14,29573,ligue1,Strasbourg,Le Havre,1,0,1.43354,0.524832,0.673449,0.524832,9,10,7,1,1.62,4.0,5.5
2025-09-19,29578,ligue1,Lyon,Angers,1,0,2.20483,0.677354,2.20483,0.677354,16,10,5,2,1.44,4.33,7.0
2025-09-20,29575,ligue1,Brest,Nice,4,1,2.07376,2.26393,2.07376,2.26393,11,21,5,4,2.63,3.5,2.6
2025-09-20,29577,ligue1,Lens,Lille,3,0,3.8174,1.89889,3.8174,1.89889,15,17,6,3,2.38,3.5,2.9
2025-09-20,29581,ligue1,Nantes,Rennes,2,2,2.65629,1.44041,1.89619,0.680312,16,8,4,4,3.5,3.4,2.1
2025-09-21,29574,ligue1,Auxerre,Toulouse,1,0,0.883373,1.50957,0.883373,0.749478,6,13,1,3,2.75,3.2,2.7
2025-09-21,29576,ligue1,Le Havre,Lorient,1,1,2.23396,1.26993,1.47387,1.26993,13,8,2,4,2.25,3.5,3.1
2025-09-21,29580,ligue1,Monaco,Metz,5,2,3.497,1.91296,3.497,1.15286,16,8,6,3,1.27,6.0,10.0
2025-09-21,29582,ligue1,Paris FC,Strasbourg,2,3,1.9014,2.46459,1.9014,2.46459,18,8,6,4,2.35,3.5,2.9
2025-09-22,29579,ligue1,Marseille,Paris SG,1,0,1.77744,0.919565,1.77744,0.919565,9,12,2,5,3.7,4.1,1.9
2025-09-26,29590,ligue1,Strasbourg,Marseille,1,2,1.0976,2.00258,1.0976,2.00258,9,16,1,9,3.6,3.6,2.0
2025-09-27,29585,ligue1,Lorient,Monaco,3,1,2.09364,0.894035,2.09364,0.13394,19,5,8,2,5.5,4.1,1.6
2025-09-27,29588,ligue1,Paris SG,Auxerre,2,0,2.11672,0.73132,2.11672,0.73132,15,12,8,3,1.14,8.0,15.0
2025-09-27,29591,ligue1,Toulouse,Nantes,2,2,1.98573,1.8303,1.22563,1.8303,20,12,7,2,1.7,3.5,5.5
2025-09-28,29583,ligue1,Angers,Brest,0,2,0.501827,1.34192,0.501827,0.581821,11,7,2,3,3.1,3.25,2.38
2025-09-28,29584,ligue1,Lille,Lyon,0,1,1.65271,0.642572,1.65271,0.642572,14,5,3,2,2.25,3.4,3.2
2025-09-28,29586,ligue1,Metz,Le Havre,0,0,0.39939,0.395921,0.39939,0.395921,7,11,0,2,2.7,3.2,2.7
2025-09-28,29587,ligue1,Nice,Paris FC,1,1,1.36997,1.49444,1.36997,0.734345,11,13,5,3,1.85,3.75,4.0
2025-09-28,29589,ligue1,Rennes,Lens,0,0,1.57438,1.51932,1.57438,1.51932,14,13,2,2,2.5,3.4,2.75
2025-10-03,29599,ligue1,Paris FC,Lorient,2,0,1.83687,0.855852,1.83687,0.855852,10,8,2,3,1.73,3.9,4.5
2025-10-04,29592,ligue1,Auxerre,Lens,1,2,1.27422,0.471027,1.27422,0.471027,18,7,2,4,3.6,3.8,1.95
2025-10-04,29593,ligue1,Brest,Nantes,0,0,1.44552,0.489862,1.44552,0.489862,17,6,5,0,1.85,3.75,4.0
2025-10-04,29597,ligue1,Metz,Marseille,0,3,0.1529,2.67719,0.1529,2.67719,4,21,1,9,6.25,5.0,1.45
2025-10-05,29594,ligue1,Le Havre,Rennes,2,2,1.98097,1.21285,1.22087,1.21285,10,9,2,3,3.1,3.3,2.35
2025-10-05,29595,ligue1,Lille,Paris SG,1,1,0.647492,1.71207,0.647492,1.71207,9,17,3,5,4.5,3.9,1.75
2025-10-05,29596,ligue1,Lyon,Toulouse,1,2,1.42206,1.36525,1.42206,1.36525,13,14,3,4,1.9,3.7,4.0
2025-10-05,29598,ligue1,Monaco,Nice,2,2,2.4556,1.13121,0.935413,0.371112,20,9,6,2,1.9,3.7,3.9
2025-10-05,29600,ligue1,Strasbourg,Angers,5,0,4.2783,0.294622,4.2783,0.294622,18,5,12,1,1.67,3.9,5.25
2025-10-17,29608,ligue1,Paris SG,Strasbourg,3,3,2.85659,1.92082,2.09649,1.92082,21,12,9,7,1.3,6.0,8.5
2025-10-18,29601,ligue1,Angers,Monaco,1,1,1.58102,1.65166,1.58102,1.65166,16,11,3,4,5.5,4.0,1.62
2025-10-18,29604,ligue1,Marseille,Le Havre,6,2,4.20445,0.352985,3.44435,0.352985,18,8,11,3,1.33,5.0,9.0
2025-10-18,29606,ligue1,Nice,Lyon,3,2,1.16366,2.89867,1.16366,2.13857,5,29,4,7,2.45,3.4,2.8
2025-10-19,29602,ligue1,Lens,Paris FC,2,1,1.98018,0.583966,1.22008,0.583966,11,9,3,3,1.85,3.75,4.0
2025-10-19,29603,ligue1,Lorient,Brest,3,3,1.5878,1.56803,1.5878,0.807937,12,8,7,4,2.38,3.25,3.0
2025-10-19,29605,ligue1,Nantes,Lille,0,2,0.772603,2.7603,0.772603,2.7603,8,23,3,5,4.5,3.6,1.8
2025-10-19,29609,ligue1,Rennes,Auxerre,2,2,1.93587,1.66634,1.93587,0.906242,19,7,7,4,1.75,3.7,4.75
2025-10-19,29607,ligue1,Toulouse,Metz,4,0,2.73037,0.119104,1.97027,0.119104,16,2,7,2,1.6,3.8,6.0
2025-10-24,29614,ligue1,Paris FC,Nantes,1,2,0.951277,0.916827,0.951277,0.916827,14,11,3,3,1.65,4.1,5.0
2025-10-25,29613,ligue1,Brest,Paris SG,0,3,1.89257,2.92453,1.13248,2.92453,8,18,2,8,7.5,5.5,1.33
2025-10-25,29612,ligue1,Lens,Marseille,2,1,1.87596,0.765479,1.11586,0.765479,8,17,5,3,2.7,3.6,2.45
2025-10-25,29615,ligue1,Monaco,Toulouse,1,0,3.37276,0.584122,3.37276,0.584122,14,10,5,2,1.83,3.9,4.0
2025-10-26,29610,ligue1,Angers,Lorient,2,0,1.30397,2.00206,1.30397,1.24196,7,23,4,4,2.55,3.2,2.88
2025-10-26,29611,ligue1,Auxerre,Le Havre,0,1,0.563862,1.52215,0.563862,1.52215,14,9,3,4,2.1,3.4,3.5
2025-10-26,29617,ligue1,Lille,Metz,6,1,3.85054,1.01476,3.85054,1.01476,23,10,12,4,1.3,5.5,9.5
2025-10-26,29616,ligue1,Lyon,Strasbourg,2,1,1.14566,0.798152,0.38556,0.798152,8,7,3,2,2.1,3.75,3.3
2025-10-26,29618,ligue1,Rennes,Nice,1,2,1.54435,0.88734,1.54435,0.88734,19,8,7,3,2.2,3.5,3.2
2025-10-29,29619,ligue1,Le Havre,Brest,1,0,0.556063,0.370311,0.556063,0.370311,13,8,3,2,2.55,3.2,2.9
2025-10-29,29621,ligue1,Lorient,Paris SG,1,1,0.192946,1.28813,0.192946,1.28813,5,15,2,8,9.5,6.5,1.25
2025-10-29,29620,ligue1,Marseille,Angers,2,2,1.58833,0.996929,1.58833,0.996929,11,12,6,6,1.22,6.5,12.0
2025-10-29,29625,ligue1,Metz,Lens,2,0,3.11925,1.23771,2.35916,1.23771,16,10,7,2,6.25,4.5,1.5
2025-10-29,29624,ligue1,Nantes,Monaco,3,5,2.1261,4.10211,2.1261,4.10211,18,19,5,9,4.75,4.0,1.7
2025-10-29,29623,ligue1,Nice,Lille,2,0,1.74459,0.661109,0.984498,0.661109,8,21,4,4,3.0,3.5,2.3
2025-10-29,29622,ligue1,Paris FC,Lyon,3,3,0.581508,1.21871,0.581508,1.21871,11,7,3,4,2.7,3.5,2.5
2025-10-29,29627,ligue1,Strasbourg,Auxerre,3,0,4.10806,0.68695,4.10806,0.68695,18,6,9,1,1.75,3.8,4.5
2025-10-29,29626,ligue1,Toulouse,Rennes,2,2,1.62131,1.26096,0.86121,1.26096,15,11,4,5,2.15,3.5,3.3
2025-11-01,29628,ligue1,Auxerre,Marseille,0,1,1.09464,0.698037,1.09464,0.698037,9,6,4,2,4.75,4.0,1.67
2025-11-01,29632,ligue1,Monaco,Paris FC,0,1,0.820947,1.18048,0.820947,1.18048,10,9,1,1,1.67,4.33,4.33
2025-11-01,29634,ligue1,Paris SG,Nice,1,0,1.88647,0.3867,1.88647,0.3867,28,5,8,2,1.25,6.0,10.0
2025-11-02,29629,ligue1,Brest,Lyon,0,0,1.63942,0.143862,1.63942,0.143862,13,4,3,2,3.1,3.5,2.25
2025-11-02,29630,ligue1,Lens,Lorient,3,0,3.21467,1.98367,3.21467,1.22357,9,12,6,3,1.48,4.33,6.5
2025-11-02,29631,ligue1,Lille,Angers,1,0,2.2089,0.277522,2.2089,0.277522,15,6,4,1,1.27,6.0,10.0
2025-11-02,29633,ligue1,Nantes,Metz,0,2,1.07598,1.36245,1.07598,1.36245,16,14,4,7,1.91,3.6,4.0
2025-11-02,29635,ligue1,Rennes,Strasbourg,4,1,3.06877,2.08816,3.06877,2.08816,13,20,6,2,2.25,3.6,3.0
2025-11-02,29636,ligue1,Toulouse,Le Havre,0,0,1.07851,1.07299,1.07851,1.07299,18,9,2,3,1.75,3.7,4.75
2025-11-07,29644,ligue1,Paris FC,Rennes,0,1,2.2285,1.36728,2.2285,1.36728,19,10,4,3,2.2,3.5,3.2
2025-11-08,29638,ligue1,Le Havre,Nantes,1,1,0.984753,0.353936,0.984753,0.353936,17,5,4,2,1.9,3.3,4.5
2025-11-08,29641,ligue1,Marseille,Brest,3,0,3.09058,0.69584,2.33049,0.69584,19,4,7,2,1.44,4.75,6.5
2025-11-08,29643,ligue1,Monaco,Lens,1,4,2.4076,3.23933,0.752402,3.23933,16,20,6,12,2.05,3.9,3.2
2025-11-09,29637,ligue1,Angers,Auxerre,2,0,1.15143,0.589602,1.15143,0.589602,9,12,5,5,2.55,3.1,2.9
2025-11-09,29639,ligue1,Lorient,Toulouse,1,1,1.26999,1.15206,0.509893,0.391967,10,6,2,2,3.0,3.3,2.4
2025-11-09,29640,ligue1,Lyon,Paris SG,2,3,0.712588,1.69872,0.712588,1.69872,9,9,2,4,4.2,3.9,1.8
2025-11-09,29642,ligue1,Metz,Nice,2,1,1.32977,0.784993,0.569675,0.784993,9,11,2,4,3.3,3.6,2.1
2025-11-09,29645,ligue1,Strasbourg,Lille,2,0,0.768163,0.480004,0.768163,0.480004,5,7,2,4,2.63,3.5,2.55
2025-11-21,29651,ligue1,Nice,Marseille,1,5,1.36131,3.09163,1.36131,3.09163,15,13,7,11,3.8,3.75,1.91
2025-11-22,29648,ligue1,Lens,Strasbourg,1,0,2.2242,0.400272,2.2242,0.400272,13,7,5,1,2.05,3.75,3.4
2025-11-22,29652,ligue1,Paris SG,Le Havre,3,0,4.11577,1.28573,4.11577,1.28573,31,12,11,4,1.18,7.5,12.0
2025-11-22,29653,ligue1,Rennes,Monaco,4,1,3.067,1.60818,2.30691,1.60818,17,13,9,3,2.63,3.7,2.45
2025-11-23,29646,ligue1,Auxerre,Lyon,0,0,1.512,1.27606,0.751903,1.27606,12,16,5,7,3.9,3.4,2.0
2025-11-23,29647,ligue1,Brest,Metz,3,2,3.36815,1.02855,1.84796,1.02855,20,7,7,3,1.8,3.75,4.33
2025-11-23,29649,ligue1,Lille,Paris FC,4,2,4.14474,1.50332,2.62455,1.50332,17,6,10,3,1.62,4.0,5.5
2025-11-23,29650,ligue1,Nantes,Lorient,1,1,0.915515,0.352154,0.915515,0.352154,9,7,1,1,2.63,3.3,2.7
2025-11-23,29654,ligue1,Toulouse,Angers,0,1,1.85382,0.324057,1.85382,0.324057,25,6,6,2,1.6,3.8,6.0
2025-11-28,29660,ligue1,Metz,Rennes,0,1,1.31354,0.980088,1.31354,0.980088,16,9,5,2,4.0,3.6,1.85
2025-11-29,29659,ligue1,Marseille,Toulouse,2,2,1.62768,1.09387,1.62768,1.09387,20,6,5,4,1.6,3.9,6.0
2025-11-29,29661,ligue1,Monaco,Paris SG,1,0,0.637875,1.47676,0.637875,1.47676,10,17,5,4,5.0,4.33,1.6
2025-11-29,29662,ligue1,Paris FC,Auxerre,1,1,1.80891,1.15143,1.04882,1.15143,11,11,2,3,1.8,3.6,4.5
2025-11-30,29655,ligue1,Angers,Lens,1,2,1.10642,1.96335,1.10642,1.96335,7,17,5,6,4.75,3.8,1.75
2025-11-30,29656,ligue1,Le Havre,Lille,0,1,0.867678,1.35017,0.867678,1.35017,14,8,7,2,4.33,3.6,1.85
2025-11-30,29657,ligue1,Lorient,Nice,3,1,3.49255,1.3285,3.49255,1.3285,18,9,7,2,2.45,3.3,2.88
2025-11-30,29658,ligue1,Lyon,Nantes,3,0,2.1878,0.384922,2.1878,0.384922,20,6,8,2,1.42,4.75,7.0
2025-11-30,29663,ligue1,Strasbourg,Brest,1,2,1.14608,1.00638,1.14608,0.246283,14,7,6,4,1.8,3.75,4.33
2025-12-05,29665,ligue1,Brest,Monaco,1,0,1.13774,0.485017,1.13774,0.485017,12,10,4,2,3.3,3.9,2.0
2025-12-05,29667,ligue1,Lille,Marseille,1,0,0.572302,0.902813,0.572302,0.902813,5,6,2,2,2.3,3.6,2.9
2025-12-06,29669,ligue1,Nantes,Lens,1,2,1.1817,3.26397,0.266166,3.26397,10,20,4,6,4.75,3.9,1.7
2025-12-06,29671,ligue1,Paris SG,Rennes,5,0,2.32641,0.153549,2.32641,0.153549,20,6,9,2,1.3,6.5,7.5
2025-12-06,29672,ligue1,Toulouse,Strasbourg,1,0,0.64097,0.0918532,0.64097,0.0918532,6,3,3,0,2.5,3.4,2.8
2025-12-07,29664,ligue1,Auxerre,Metz,3,1,2.22374,0.346523,1.46364,0.346523,14,5,7,3,2.0,3.5,3.75
2025-12-07,29666,ligue1,Le Havre,Paris FC,0,0,1.93371,1.2524,1.17362,1.2524,13,13,2,2,2.7,3.2,2.7
2025-12-07,29668,ligue1,Lorient,Lyon,1,0,2.48644,0.475087,2.48644,0.475087,14,7,6,4,3.2,3.5,2.2
2025-12-07,29670,ligue1,Nice,Angers,0,1,1.38209,1.33715,1.38209,1.33715,13,8,3,4,1.95,3.6,3.8
2025-12-12,29673,ligue1,Angers,Nantes,4,1,3.04663,0.26526,2.28653,0.26526,20,7,9,4,2.15,3.2,3.6
2025-12-13,29677,ligue1,Metz,Paris SG,2,3,0.363683,1.94768,0.363683,1.94768,9,14,5,9,10.0,6.5,1.25
2025-12-13,29676,ligue1,Paris FC,Toulouse,0,3,0.366399,2.03766,0.366399,1.27757,9,7,2,4,2.4,3.4,2.88
2025-12-13,29681,ligue1,Rennes,Brest,3,1,1.58903,0.872611,1.58903,0.872611,9,14,5,7,1.83,3.75,4.1
2025-12-14,29674,ligue1,Auxerre,Lille,3,4,2.50862,0.733512,1.74852,0.733512,18,8,8,5,4.5,3.6,1.8
2025-12-14,29675,ligue1,Lens,Nice,2,0,1.91622,0.733412,1.91622,0.733412,15,8,5,4,1.48,4.5,6.25
2025-12-14,29679,ligue1,Lyon,Le Havre,1,0,2.9604,1.44459,2.9604,0.564307,18,10,4,4,1.6,4.1,5.25
2025-12-14,29678,ligue1,Marseille,Monaco,1,0,2.02467,1.94962,2.02467,1.94962,18,18,8,7,1.9,3.75,3.75
2025-12-14,29680,ligue1,Strasbourg,Lorient,0,0,0.911848,0.415871,0.911848,0.415871,12,10,2,2,1.73,3.7,4.75
2026-01-02,29690,ligue1,Toulouse,Lens,0,3,0.46972,2.67769,0.46972,2.67769,8,16,2,7,2.45,3.1,2.55
2026-01-03,29684,ligue1,Lille,Rennes,0,2,1.06111,1.49739,1.06111,1.49739,13,18,3,4,1.9,3.7,4.0
2026-01-03,29687,ligue1,Monaco,Lyon,1,3,0.799996,1.95535,0.799996,1.95535,6,13,2,9,2.0,3.75,3.5
2026-01-03,29688,ligue1,Nice,Strasbourg,1,1,2.39473,1.38731,2.39473,0.627215,19,8,6,5,2.7,3.4,2.6
2026-01-04,29682,ligue1,Brest,Auxerre,2,0,1.54399,0.835513,1.54399,0.835513,11,10,4,1,1.91,3.4,4.2
2026-01-04,29683,ligue1,Le Havre,Angers,2,1,1.54881,0.730978,1.54881,0.730978,11,9,6,3,2.05,3.3,3.7
2026-01-04,29685,ligue1,Lorient,Metz,1,1,1.55407,0.364932,1.55407,0.364932,16,8,5,2,1.8,3.5,4.75
2026-01-04,29686,ligue1,Marseille,Nantes,0,2,1.14141,3.16795,1.14141,2.40805,11,15,4,9,1.22,6.5,12.0
2026-01-04,29689,ligue1,Paris SG,Paris FC,2,1,1.58716,0.938334,1.58716,0.178239,20,6,6,3,1.17,7.5,17.0
2026-01-16,29694,ligue1,Monaco,Lorient,1,3,1.31321,1.17141,1.31321,1.17141,14,14,7,4,1.65,4.2,4.75
2026-01-16,29696,ligue1,Paris SG,Lille,3,0,1.29284,0.67995,1.29284,0.67995,13,7,7,4,1.3,5.75,8.0
2026-01-17,29691,ligue1,Angers,Marseille,2,5,1.03735,3.91118,1.03735,3.91118,7,23,3,11,5.75,4.0,1.6
2026-01-17,29692,ligue1,Lens,Auxerre,1,0,2.61821,0.393025,2.61821,0.393025,19,5,7,0,1.42,4.5,7.5
2026-01-17,29699,ligue1,Toulouse,Nice,5,1,1.77349,1.41914,1.77349,1.41914,22,15,10,6,1.95,3.5,3.9
2026-01-18,29693,ligue1,Lyon,Brest,2,1,2.62893,1.16318,2.62893,1.16318,19,5,6,2,1.67,4.0,5.0
2026-01-18,29695,ligue1,Nantes,Paris FC,1,2,0.411699,0.738941,0.411699,0.738941,5,10,1,3,3.0,3.2,2.45
2026-01-18,29697,ligue1,Rennes,Le Havre,1,1,2.54723,0.538741,2.54723,0.538741,19,7,7,4,1.67,3.9,5.25
2026-01-18,29698,ligue1,Strasbourg,Metz,2,1,1.019,0.984265,1.019,0.22417,14,9,6,2,1.53,4.33,5.75
2026-01-23,29700,ligue1,Auxerre,Paris SG,0,1,0.352997,2.19544,0.352997,2.19544,8,16,0,8,11.0,5.5,1.29
2026-01-24,29702,ligue1,Le Havre,Monaco,0,0,0.171551,0.562454,0.171551,0.562454,7,10,1,2,3.4,3.8,2.0
2026-01-24,29704,ligue1,Marseille,Lens,3,1,1.07239,1.00288,1.07239,1.00288,10,7,5,2,2.0,3.75,3.4
2026-01-24,29708,ligue1,Rennes,Lorient,0,2,1.88241,1.10359,1.88241,1.10359,22,6,5,4,1.85,3.7,4.1
2026-01-25,29701,ligue1,Brest,Toulouse,0,2,0.988274,0.684258,0.988274,0.684258,13,8,5,5,2.8,3.1,2.7
2026-01-25,29703,ligue1,Lille,Strasbourg,1,4,1.74087,3.56512,1.74087,3.56512,20,15,6,6,2.0,3.5,3.6
2026-01-25,29705,ligue1,Metz,Lyon,2,5,1.18331,3.34121,1.18331,2.58112,15,13,6,10,4.75,3.9,1.7
2026-01-25,29706,ligue1,Nantes,Nice,1,4,1.98581,1.6112,1.98581,1.6112,20,7,5,4,2.9,3.5,2.38
2026-01-25,29707,ligue1,Paris FC,Angers,0,0,0.759097,0.342734,0.759097,0.342734,8,7,1,1,1.83,3.4,4.75
2026-01-30,29710,ligue1,Lens,Le Havre,1,0,1.60367,0.407119,1.60367,0.407119,15,8,3,2,1.4,5.0,7.0
2026-01-31,29711,ligue1,Lorient,Nantes,2,1,0.777027,1.20179,0.777027,1.20179,5,10,4,2,1.83,3.5,4.5
2026-01-31,29713,ligue1,Monaco,Rennes,4,0,2.28518,0.427968,2.28518,0.427968,14,8,6,4,2.0,3.9,3.3
2026-01-31,29715,ligue1,Paris FC,Marseille,2,2,1.82048,2.71118,1.06045,1.95109,9,18,4,4,3.8,3.8,1.9
2026-02-01,29709,ligue1,Angers,Metz,1,0,1.34676,0.397871,1.34676,0.397871,17,5,7,0,2.1,3.3,3.6
2026-02-01,29712,ligue1,Lyon,Lille,1,0,0.616999,0.390671,0.616999,0.390671,4,11,2,4,1.91,3.7,3.8
2026-02-01,29714,ligue1,Nice,Brest,2,2,1.2009,1.83505,1.2009,1.07495,15,12,7,2,2.1,3.3,3.7
2026-02-01,29716,ligue1,Strasbourg,Paris SG,1,2,1.97116,1.16489,1.21106,1.16489,9,13,4,4,4.75,4.5,1.62
2026-02-01,29717,ligue1,Toulouse,Auxerre,0,0,0.804565,0.871363,0.804565,0.871363,12,8,4,2,1.75,3.6,5.0
2026-02-08,29718,ligue1,Angers,Toulouse,1,0,1.17089,0.691991,1.17089,0.691991,12,12,4,5,3.4,3.2,2.25
2026-02-08,29719,ligue1,Auxerre,Paris FC,0,0,1.27393,0.758207,1.27393,0.758207,12,8,2,4,2.45,3.3,2.9
2026-02-07,29720,ligue1,Brest,Lorient,2,0,2.05135,0.720569,2.05135,0.720569,11,13,5,2,2.2,3.1,3.5
2026-02-08,29721,ligue1,Le Havre,Strasbourg,2,1,0.856821,0.51294,0.856821,0.51294,15,10,7,3,4.0,3.5,1.91
2026-02-07,29722,ligue1,Lens,Rennes,3,1,1.01131,1.33597,1.01131,1.33597,10,14,3,1,1.75,3.8,4.5
2026-02-07,29724,ligue1,Nantes,Lyon,0,1,0.795659,0.990033,0.795659,0.990033,13,10,2,3,4.75,3.75,1.73
2026-02-08,29725,ligue1,Nice,Monaco,0,0,0.455943,0.827302,0.455943,0.827302,13,10,3,2,3.1,3.75,2.15
2026-02-08,29726,ligue1,Paris SG,Marseille,5,0,4.63077,0.90611,4.63077,0.90611,22,9,7,3,1.42,5.25,6.0
2026-02-13,29733,ligue1,Monaco,Nantes,3,1,2.20188,1.00661,2.20188,1.00661,12,13,6,2,1.48,4.33,7.0
2026-02-13,29735,ligue1,Rennes,Paris SG,3,1,1.80204,4.17604,1.80204,4.17604,13,22,4,7,7.0,5.0,1.4
2026-02-14,29728,ligue1,Lille,Brest,1,1,1.77426,0.841964,1.77426,0.841964,20,11,5,4,1.73,3.6,5.0
2026-02-14,29731,ligue1,Marseille,Strasbourg,2,2,1.61535,2.39153,1.61535,1.63144,10,12,6,4,1.67,4.2,4.5
2026-02-14,29734,ligue1,Paris FC,Lens,0,5,0.399344,3.50163,0.399344,2.74153,11,17,6,6,4.0,3.6,1.85
2026-02-15,29727,ligue1,Le Havre,Toulouse,2,1,0.977711,3.12342,0.977711,3.12342,5,25,2,9,3.4,3.1,2.3
2026-02-15,29729,ligue1,Lorient,Angers,2,0,1.4393,0.406012,1.4393,0.406012,8,10,2,3,1.91,3.2,4.5
2026-02-15,29730,ligue1,Lyon,Nice,2,0,1.9974,1.30477,1.9974,1.30477,9,10,2,3,1.62,3.9,5.5
2026-02-15,29732,ligue1,Metz,Auxerre,1,3,0.753602,1.05829,0.753602,1.05829,13,14,4,3,2.88,3.0,2.63
2026-02-20,29738,ligue1,Brest,Marseille,2,0,1.33408,1.3575,1.33408,0.597409,12,17,4,4,3.8,3.6,1.9
2026-02-21,29739,ligue1,Lens,Monaco,2,3,1.82827,2.34004,1.82827,2.34004,18,10,7,5,1.65,4.33,4.75
2026-02-21,29742,ligue1,Paris SG,Metz,3,0,2.41445,0.0591146,2.41445,0.0591146,17,3,7,0,1.14,9.0,13.0
2026-02-21,29744,ligue1,Toulouse,Paris FC,1,1,2.67763,0.687806,2.67763,0.687806,23,5,10,2,1.85,3.4,4.5
2026-02-22,29736,ligue1,Angers,Lille,0,1,0.24039,2.74265,0.24039,1.98255,6,14,2,5,4.2,3.5,1.85
2026-02-22,29737,ligue1,Auxerre,Rennes,0,3,0.700042,1.10597,0.700042,1.10597,11,12,2,7,2.9,3.4,2.35
2026-02-22,29740,ligue1,Nantes,Le Havre,2,0,1.70753,0.753349,0.947434,0.753349,9,6,2,1,2.4,3.3,2.9
2026-02-22,29741,ligue1,Nice,Lorient,3,3,2.74646,1.97697,2.74646,1.21688,8,17,4,5,2.05,3.6,3.4
2026-02-22,29743,ligue1,Strasbourg,Lyon,3,1,2.22901,0.427324,1.46891,0.427324,13,4,7,2,2.3,3.6,2.9
2026-02-27,29753,ligue1,Strasbourg,Lens,1,1,0.874721,2.03807,0.874721,2.03807,8,25,5,5,2.2,3.6,3.1
2026-02-28,29745,ligue1,Le Havre,Paris SG,0,1,0.682797,4.03627,0.682797,3.27617,10,22,2,9,8.0,6.25,1.3
2026-02-28,29750,ligue1,Monaco,Angers,2,0,1.67082,0.609359,1.67082,0.609359,10,6,4,2,1.5,4.33,6.5
2026-02-28,29752,ligue1,Rennes,Toulouse,1,0,0.709138,0.668386,0.709138,0.668386,10,9,2,2,1.95,3.5,3.7
2026-03-01,29746,ligue1,Lille,Nantes,1,0,0.495693,0.171014,0.495693,0.171014,9,3,3,1,1.45,4.5,7.0
2026-03-01,29747,ligue1,Lorient,Auxerre,2,2,1.02766,1.96667,1.02766,1.96667,15,10,5,3,2.05,3.25,3.9
2026-03-01,29748,ligue1,Marseille,Lyon,3,2,1.78764,1.78524,1.78764,1.78524,18,12,7,6,1.95,3.6,3.8
2026-03-01,29749,ligue1,Metz,Brest,0,1,1.58374,0.963216,1.58374,0.963216,24,6,6,1,3.6,3.4,2.1
2026-03-01,29751,ligue1,Paris FC,Nice,1,0,1.3017,1.26295,1.3017,1.26295,16,11,6,3,2.4,3.4,2.9
2026-03-06,29761,ligue1,Paris SG,Monaco,1,3,1.22179,1.75294,1.22179,1.75294,20,11,6,6,1.36,5.5,7.0
2026-03-07,29754,ligue1,Auxerre,Strasbourg,0,0,1.03226,1.27324,1.03226,1.27324,10,13,4,5,3.6,3.3,2.1
2026-03-07,29759,ligue1,Nantes,Angers,0,1,0.611683,0.853223,0.611683,0.853223,13,11,3,4,2.2,3.0,3.6
2026-03-07,29762,ligue1,Toulouse,Marseille,0,1,1.28713,1.3226,1.28713,1.3226,12,10,2,3,2.9,3.5,2.35
2026-03-08,29755,ligue1,Brest,Le Havre,2,0,1.26459,1.10286,1.26459,1.10286,11,14,2,0,1.91,3.5,4.1
2026-03-08,29756,ligue1,Lens,Metz,3,0,2.22106,0.250806,2.22106,0.250806,24,5,7,0,1.27,5.75,11.0
2026-03-08,29757,ligue1,Lille,Lorient,1,1,0.850092,0.929269,0.850092,0.929269,12,9,2,5,1.55,4.1,6.0
2026-03-08,29758,ligue1,Lyon,Paris FC,1,1,1.92522,2.32579,1.16513,2.32579,14,14,4,4,1.67,3.8,5.25
2026-03-08,29760,ligue1,Nice,Rennes,0,4,2.68488,1.87138,2.68488,1.11128,14,12,2,6,2.88,3.5,2.35
2026-03-13,29766,ligue1,Marseille,Auxerre,1,0,1.12898,0.293047,1.12898,0.293047,16,8,3,3,1.42,5.0,6.5
2026-03-14,29763,ligue1,Angers,Nice,0,2,0.889177,1.60128,0.889177,1.60128,11,12,1,8,2.9,3.3,2.5
2026-03-14,29765,ligue1,Lorient,Lens,2,1,2.37345,1.01216,2.37345,1.01216,6,20,3,6,4.2,3.7,1.85
2026-03-14,29768,ligue1,Monaco,Brest,2,0,2.81345,1.56097,2.81345,1.56097,10,13,4,1,1.67,4.2,4.5
2026-03-15,29764,ligue1,Le Havre,Lyon,0,0,0.640079,1.13833,0.640079,1.13833,12,13,4,4,3.75,3.4,2.0
2026-03-15,29767,ligue1,Metz,Toulouse,3,4,1.62616,1.74262,1.62616,1.74262,17,19,8,6,4.0,3.4,1.95
2026-03-15,29770,ligue1,Rennes,Lille,1,2,1.5463,1.3508,1.5463,1.3508,12,8,4,3,2.2,3.4,3.25
2026-03-15,29771,ligue1,Strasbourg,Paris FC,0,0,1.20221,0.616395,1.20221,0.616395,12,11,3,2,1.75,3.7,4.75
2026-03-20,29773,ligue1,Lens,Angers,5,1,4.33933,1.15185,4.33933,1.15185,26,16,9,5,1.22,6.5,12.0
2026-03-21,29772,ligue1,Auxerre,Brest,3,0,2.0573,0.882319,2.0573,0.882319,11,9,7,2,2.38,3.1,3.25
2026-03-21,29777,ligue1,Nice,Paris SG,0,4,0.17662,4.04442,0.17662,3.28433,6,17,1,10,8.0,5.5,1.36
2026-03-21,29780,ligue1,Toulouse,Lorient,1,0,1.48458,0.477676,1.48458,0.477676,12,7,4,2,1.95,3.1,4.5
2026-03-22,29774,ligue1,Lyon,Monaco,1,2,1.10723,3.4997,1.10723,2.7396,15,21,4,7,2.75,3.5,2.5
2026-03-22,29775,ligue1,Marseille,Lille,1,2,1.02929,1.61107,1.02929,1.61107,14,11,3,4,1.91,3.75,3.8
2026-03-22,29776,ligue1,Nantes,Strasbourg,2,3,1.91469,2.83907,1.91469,2.83907,14,13,9,9,3.6,3.6,2.0
2026-03-22,29778,ligue1,Paris FC,Le Havre,3,2,2.42628,1.74386,2.42628,1.74386,15,20,4,6,2.0,3.3,4.0
2026-03-22,29779,ligue1,Rennes,Metz,0,0,1.70552,0.314914,1.70552,0.314914,25,7,8,2,1.33,5.5,8.5
2026-04-03,29788,ligue1,Paris SG,Toulouse,3,1,1.7337,0.102597,1.7337,0.102597,17,5,7,1,1.25,6.25,11.0
2026-04-04,29782,ligue1,Brest,Rennes,3,4,1.89452,2.7958,1.89452,1.27568,10,15,4,7,3.1,3.5,2.25
2026-04-04,29784,ligue1,Lille,Lens,3,0,3.82171,0.412713,3.06161,0.412713,13,5,7,1,2.63,3.4,2.63
2026-04-04,29789,ligue1,Strasbourg,Nice,3,1,2.70892,0.354354,2.70892,0.354354,16,8,6,3,1.85,3.7,4.1
2026-04-05,29781,ligue1,Angers,Lyon,0,0,0.353538,0.522379,0.353538,0.522379,7,11,1,2,4.5,3.6,1.8
2026-04-05,29783,ligue1,Le Havre,Auxerre,1,1,0.711193,2.40825,0.711193,2.40825,10,12,3,2,2.6,3.1,3.0
2026-04-05,29785,ligue1,Lorient,Paris FC,1,1,1.16554,1.39879,1.16554,1.39879,10,7,3,5,2.25,3.3,3.3
2026-04-05,29786,ligue1,Metz,Nantes,0,0,2.3189,0.389282,2.3189,0.389282,19,6,5,2,2.8,3.3,2.55
2026-04-05,29787,ligue1,Monaco,Marseille,2,1,1.67743,3.10791,1.67743,3.10791,7,19,3,9,2.15,3.75,3.1
2026-04-10,29794,ligue1,Marseille,Metz,3,1,3.31638,0.535052,3.31638,0.535052,18,6,9,2,1.22,6.25,12.0
2026-04-10,29796,ligue1,Paris FC,Monaco,4,1,2.95341,1.7647,2.95341,1.7647,12,19,6,5,3.9,3.8,1.9
2026-04-11,29790,ligue1,Auxerre,Nantes,0,0,0.797017,1.44705,0.797017,1.44705,5,13,0,4,2.0,3.3,4.0
2026-04-11,29797,ligue1,Rennes,Angers,2,1,1.09968,1.19461,1.09968,0.434516,15,6,7,4,1.36,4.75,8.5
2026-04-12,29793,ligue1,Lyon,Lorient,2,0,1.84879,1.57488,1.84879,1.57488,11,12,5,6,1.67,3.8,5.25
2026-04-12,29795,ligue1,Nice,Le Havre,1,1,2.14773,2.12622,2.14773,2.12622,15,11,5,6,1.91,3.3,4.33
2026-04-12,29798,ligue1,Toulouse,Lille,0,4,1.46514,2.08775,1.46514,1.32766,9,15,1,9,3.2,3.3,2.3
2026-04-17,29800,ligue1,Lens,Toulouse,3,2,3.98387,0.578481,3.98387,0.578481,41,5,13,2,1.5,4.5,5.75
2026-04-18,29799,ligue1,Angers,Le Havre,1,1,0.961095,1.54566,0.961095,1.54566,11,16,5,8,2.88,3.1,2.63
2026-04-18,29801,ligue1,Lille,Nice,0,0,0.413432,0.171356,0.413432,0.171356,9,5,2,1,1.5,4.33,6.5
2026-04-18,29802,ligue1,Lorient,Marseille,2,0,1.28628,2.13073,1.28628,2.13073,11,16,4,2,4.5,4.0,1.73
2026-04-19,29803,ligue1,Metz,Paris FC,1,3,1.48448,1.97282,1.48448,1.97282,13,15,6,7,3.5,3.5,2.05
2026-04-19,29804,ligue1,Monaco,Auxerre,2,2,1.94243,0.745123,1.18234,0.745123,15,12,6,7,1.53,4.33,6.0
2026-04-19,29805,ligue1,Nantes,Brest,1,1,0.970265,0.631132,0.970265,0.631132,17,4,4,2,2.35,3.3,3.1
2026-04-19,29806,ligue1,Paris SG,Lyon,1,2,3.20455,1.20364,2.44445,1.20364,23,6,6,5,1.3,6.0,8.5
2026-04-19,29807,ligue1,Strasbourg,Rennes,0,3,0.944239,3.25297,0.944239,3.25297,9,26,1,9,2.63,3.75,2.5
2026-04-22,29769,ligue1,Paris SG,Nantes,3,0,2.26452,0.672206,1.50442,0.672206,14,11,6,4,1.18,7.0,13.0
2026-04-24,29809,ligue1,Brest,Lens,3,3,0.309794,3.24582,0.309794,3.24582,6,25,3,7,5.5,4.2,1.55
2026-04-25,29808,ligue1,Angers,Paris SG,0,3,0.977437,3.00296,0.977437,3.00296,6,17,1,10,10.0,6.0,1.27
2026-04-25,29812,ligue1,Lyon,Auxerre,3,2,2.16328,0.883316,2.16328,0.883316,12,9,6,2,1.65,3.9,5.25
2026-04-25,29816,ligue1,Toulouse,Monaco,2,2,2.15303,1.34617,2.15303,1.34617,18,8,5,5,3.3,3.8,2.05
2026-04-26,29810,ligue1,Le Havre,Metz,4,4,2.64995,1.88709,1.88985,1.12699,14,12,5,5,1.67,4.0,5.0
2026-04-26,29811,ligue1,Lorient,Strasbourg,2,3,2.57081,1.98869,1.81071,1.98869,14,11,6,5,2.1,3.6,3.2
2026-04-26,29813,ligue1,Marseille,Nice,1,1,2.82843,1.41493,2.82843,0.654838,24,5,6,2,1.48,4.5,6.5
2026-04-26,29814,ligue1,Paris FC,Lille,0,1,1.12423,1.75999,0.287973,0.999899,7,10,2,4,4.0,3.6,1.91
2026-04-26,29815,ligue1,Rennes,Nantes,2,1,1.55601,2.51691,0.79598,2.51691,14,24,5,8,1.42,4.75,7.5
2026-05-03,29817,ligue1,Auxerre,Angers,3,1,2.5499,2.16783,2.5499,0.647645,19,9,10,3,1.67,3.7,5.5
2026-05-03,29818,ligue1,Lille,Le Havre,1,1,1.9163,0.334256,1.9163,0.334256,22,2,10,2,1.42,4.75,7.5
2026-05-03,29819,ligue1,Lyon,Rennes,4,2,2.6657,1.06495,1.90561,1.06495,16,8,9,5,2.1,3.5,2.88
2026-05-02,29820,ligue1,Metz,Monaco,1,2,1.1478,1.58879,1.1478,1.58879,13,15,1,3,6.5,5.5,1.4
2026-05-02,29821,ligue1,Nantes,Marseille,3,0,3.07178,1.55164,3.07178,1.55164,17,16,6,8,4.33,4.1,1.73
2026-05-02,29822,ligue1,Nice,Lens,1,1,1.33864,1.55241,1.33864,1.55241,9,16,2,4,4.0,4.2,1.75
2026-05-03,29823,ligue1,Paris FC,Brest,4,0,2.86094,0.733091,2.86094,0.733091,17,10,8,1,2.0,3.5,3.75
2026-05-02,29824,ligue1,Paris SG,Lorient,2,2,2.98414,1.27737,2.98414,1.27737,24,5,6,3,1.3,5.75,8.0
2026-05-03,29825,ligue1,Strasbourg,Toulouse,1,2,0.405296,1.67665,0.405296,1.67665,9,16,4,6,2.63,3.5,2.6
2026-05-08,29829,ligue1,Lens,Nantes,1,0,0.719134,1.06721,0.719134,1.06721,14,15,5,3,1.45,4.75,6.5
2026-05-10,29826,ligue1,Angers,Strasbourg,1,1,0.793655,1.81952,0.793655,1.05942,11,15,4,6,2.9,3.4,2.4
2026-05-10,29827,ligue1,Auxerre,Nice,2,1,0.866185,2.07007,0.866185,2.07007,12,10,4,6,2.45,3.4,2.88
2026-05-10,29828,ligue1,Le Havre,Marseille,0,1,1.23305,1.03467,0.469935,0.274577,10,8,2,3,3.5,3.7,2.0
2026-05-10,29830,ligue1,Metz,Lorient,0,4,0.730271,1.76754,0.730271,1.76754,8,14,2,7,3.2,3.7,2.15
2026-05-10,29831,ligue1,Monaco,Lille,0,1,0.308864,0.400405,0.308864,0.400405,7,7,3,2,2.3,3.8,2.75
2026-05-10,29832,ligue1,Paris SG,Brest,1,0,1.608,0.123268,1.608,0.123268,23,3,6,2,1.17,7.0,13.0
2026-05-10,29833,ligue1,Rennes,Paris FC,2,1,1.53143,1.59351,1.53143,1.59351,14,11,5,1,1.5,4.75,5.75
2026-05-10,29834,ligue1,Toulouse,Lyon,2,1,1.87108,1.56954,1.87108,1.56954,14,18,6,3,4.33,4.0,1.73
2026-05-13,29791,ligue1,Brest,Strasbourg,1,2,2.64653,1.69163,2.64653,1.69163,21,10,6,5,2.63,3.6,2.5
2026-05-13,29792,ligue1,Lens,Paris SG,0,2,3.03896,0.943876,3.03896,0.943876,25,10,10,3,3.4,4.0,1.95
2026-05-17,29835,ligue1,Brest,Angers,1,1,2.38724,1.06418,2.38724,1.06418,18,8,5,2,1.8,3.6,4.0
2026-05-17,29836,ligue1,Lille,Auxerre,0,2,1.22445,0.615778,1.22445,0.615778,12,7,3,4,1.36,4.5,7.5
2026-05-17,29837,ligue1,Lorient,Le Havre,0,2,1.26937,1.28765,0.509273,1.28765,12,7,2,4,2.55,3.3,2.5
2026-05-17,29838,ligue1,Lyon,Lens,0,4,1.12358,2.01573,1.12358,2.01573,16,14,4,4,1.73,4.0,4.1
2026-05-17,29839,ligue1,Marseille,Rennes,3,1,3.90151,2.20696,3.90151,2.20696,27,27,11,6,1.95,3.7,3.25
2026-05-17,29840,ligue1,Nantes,Toulouse,0,0,0.0840142,0.319014,0.0840142,0.319014,2,2,1,1,2.5,3.5,2.5
2026-05-17,29841,ligue1,Nice,Metz,0,0,1.216,0.836784,1.216,0.836784,22,16,4,4,1.36,5.0,7.0
2026-05-17,29842,ligue1,Paris FC,Paris SG,2,1,2.32862,0.863934,2.32862,0.863934,17,9,9,2,5.5,4.1,1.53
2026-05-17,29843,ligue1,Strasbourg,Monaco,5,4,2.11536,1.44729,2.11536,1.44729,15,21,7,8,2.88,3.8,2.1
